{
  "ABIRoot": {
    "kind": "Root",
    "name": "TopLevel",
    "printedName": "TopLevel",
    "children": [
      {
        "kind": "Import",
        "name": "Foundation",
        "printedName": "Foundation",
        "declKind": "Import",
        "moduleName": "FilesPlugin",
        "declAttributes": [
          "RawDocComment"
        ]
      },
      {
        "kind": "Import",
        "name": "MobileWorkflowCore",
        "printedName": "MobileWorkflowCore",
        "declKind": "Import",
        "moduleName": "FilesPlugin"
      },
      {
        "kind": "TypeDecl",
        "name": "FilesPluginStruct",
        "printedName": "FilesPluginStruct",
        "children": [
          {
            "kind": "Var",
            "name": "allStepsTypes",
            "printedName": "allStepsTypes",
            "children": [
              {
                "kind": "TypeNominal",
                "name": "Array",
                "printedName": "[MobileWorkflowCore.StepType]",
                "children": [
                  {
                    "kind": "TypeNominal",
                    "name": "StepType",
                    "printedName": "MobileWorkflowCore.StepType",
                    "usr": "s:18MobileWorkflowCore8StepTypeP"
                  }
                ],
                "usr": "s:Sa"
              }
            ],
            "declKind": "Var",
            "usr": "s:11FilesPlugin0aB6StructV13allStepsTypesSay18MobileWorkflowCore8StepType_pGvpZ",
            "mangledName": "$s11FilesPlugin0aB6StructV13allStepsTypesSay18MobileWorkflowCore8StepType_pGvpZ",
            "moduleName": "FilesPlugin",
            "static": true,
            "declAttributes": [
              "AccessControl"
            ],
            "accessors": [
              {
                "kind": "Accessor",
                "name": "Get",
                "printedName": "Get()",
                "children": [
                  {
                    "kind": "TypeNominal",
                    "name": "Array",
                    "printedName": "[MobileWorkflowCore.StepType]",
                    "children": [
                      {
                        "kind": "TypeNominal",
                        "name": "StepType",
                        "printedName": "MobileWorkflowCore.StepType",
                        "usr": "s:18MobileWorkflowCore8StepTypeP"
                      }
                    ],
                    "usr": "s:Sa"
                  }
                ],
                "declKind": "Accessor",
                "usr": "s:11FilesPlugin0aB6StructV13allStepsTypesSay18MobileWorkflowCore8StepType_pGvgZ",
                "mangledName": "$s11FilesPlugin0aB6StructV13allStepsTypesSay18MobileWorkflowCore8StepType_pGvgZ",
                "moduleName": "FilesPlugin",
                "static": true,
                "accessorKind": "get"
              }
            ]
          }
        ],
        "declKind": "Struct",
        "usr": "s:11FilesPlugin0aB6StructV",
        "mangledName": "$s11FilesPlugin0aB6StructV",
        "moduleName": "FilesPlugin",
        "declAttributes": [
          "AccessControl"
        ],
        "conformances": [
          {
            "kind": "Conformance",
            "name": "Plugin",
            "printedName": "Plugin",
            "usr": "s:18MobileWorkflowCore6PluginP",
            "mangledName": "$s18MobileWorkflowCore6PluginP"
          }
        ]
      },
      {
        "kind": "Import",
        "name": "Foundation",
        "printedName": "Foundation",
        "declKind": "Import",
        "moduleName": "FilesPlugin",
        "declAttributes": [
          "RawDocComment"
        ]
      },
      {
        "kind": "Import",
        "name": "MobileWorkflowCore",
        "printedName": "MobileWorkflowCore",
        "declKind": "Import",
        "moduleName": "FilesPlugin"
      },
      {
        "kind": "Import",
        "name": "PhotosUI",
        "printedName": "PhotosUI",
        "declKind": "Import",
        "moduleName": "FilesPlugin"
      },
      {
        "kind": "Import",
        "name": "Foundation",
        "printedName": "Foundation",
        "declKind": "Import",
        "moduleName": "FilesPlugin",
        "declAttributes": [
          "RawDocComment"
        ]
      },
      {
        "kind": "Import",
        "name": "MobileWorkflowCore",
        "printedName": "MobileWorkflowCore",
        "declKind": "Import",
        "moduleName": "FilesPlugin"
      },
      {
        "kind": "Import",
        "name": "SwiftUI",
        "printedName": "SwiftUI",
        "declKind": "Import",
        "moduleName": "FilesPlugin"
      },
      {
        "kind": "Import",
        "name": "UniformTypeIdentifiers",
        "printedName": "UniformTypeIdentifiers",
        "declKind": "Import",
        "moduleName": "FilesPlugin"
      },
      {
        "kind": "TypeDecl",
        "name": "FilesSelectFileMetadata",
        "printedName": "FilesSelectFileMetadata",
        "children": [
          {
            "kind": "Constructor",
            "name": "init",
            "printedName": "init(from:)",
            "children": [
              {
                "kind": "TypeNominal",
                "name": "FilesSelectFileMetadata",
                "printedName": "FilesPlugin.FilesSelectFileMetadata",
                "usr": "s:11FilesPlugin0A18SelectFileMetadataC"
              },
              {
                "kind": "TypeNominal",
                "name": "Decoder",
                "printedName": "Swift.Decoder",
                "usr": "s:s7DecoderP"
              }
            ],
            "declKind": "Constructor",
            "usr": "s:11FilesPlugin0A18SelectFileMetadataC4fromACs7Decoder_p_tKcfc",
            "mangledName": "$s11FilesPlugin0A18SelectFileMetadataC4fromACs7Decoder_p_tKcfc",
            "moduleName": "FilesPlugin",
            "overriding": true,
            "declAttributes": [
              "Required",
              "AccessControl"
            ],
            "throwing": true,
            "init_kind": "Designated"
          },
          {
            "kind": "Function",
            "name": "encode",
            "printedName": "encode(to:)",
            "children": [
              {
                "kind": "TypeNominal",
                "name": "Void",
                "printedName": "()"
              },
              {
                "kind": "TypeNominal",
                "name": "Encoder",
                "printedName": "Swift.Encoder",
                "usr": "s:s7EncoderP"
              }
            ],
            "declKind": "Func",
            "usr": "s:11FilesPlugin0A18SelectFileMetadataC6encode2toys7Encoder_p_tKF",
            "mangledName": "$s11FilesPlugin0A18SelectFileMetadataC6encode2toys7Encoder_p_tKF",
            "moduleName": "FilesPlugin",
            "overriding": true,
            "declAttributes": [
              "Override",
              "AccessControl"
            ],
            "throwing": true,
            "funcSelfKind": "NonMutating"
          },
          {
            "kind": "Constructor",
            "name": "init",
            "printedName": "init(id:type:title:next:links:)",
            "children": [
              {
                "kind": "TypeNominal",
                "name": "FilesSelectFileMetadata",
                "printedName": "FilesPlugin.FilesSelectFileMetadata",
                "usr": "s:11FilesPlugin0A18SelectFileMetadataC"
              },
              {
                "kind": "TypeNominal",
                "name": "String",
                "printedName": "Swift.String",
                "usr": "s:SS"
              },
              {
                "kind": "TypeNominal",
                "name": "String",
                "printedName": "Swift.String",
                "usr": "s:SS"
              },
              {
                "kind": "TypeNominal",
                "name": "String",
                "printedName": "Swift.String",
                "usr": "s:SS"
              },
              {
                "kind": "TypeNominal",
                "name": "Optional",
                "printedName": "MobileWorkflowCore.PushLinkMetadata?",
                "children": [
                  {
                    "kind": "TypeNominal",
                    "name": "PushLinkMetadata",
                    "printedName": "MobileWorkflowCore.PushLinkMetadata",
                    "usr": "s:18MobileWorkflowCore16PushLinkMetadataC"
                  }
                ],
                "hasDefaultArg": true,
                "usr": "s:Sq"
              },
              {
                "kind": "TypeNominal",
                "name": "Array",
                "printedName": "[MobileWorkflowCore.LinkMetadata]",
                "children": [
                  {
                    "kind": "TypeNominal",
                    "name": "LinkMetadata",
                    "printedName": "MobileWorkflowCore.LinkMetadata",
                    "usr": "s:18MobileWorkflowCore12LinkMetadataC"
                  }
                ],
                "hasDefaultArg": true,
                "usr": "s:Sa"
              }
            ],
            "declKind": "Constructor",
            "usr": "s:11FilesPlugin0A18SelectFileMetadataC2id4type5title4next5linksACSS_S2S18MobileWorkflowCore08PushLinkE0CSgSayAI0oE0CGtcfc",
            "mangledName": "$s11FilesPlugin0A18SelectFileMetadataC2id4type5title4next5linksACSS_S2S18MobileWorkflowCore08PushLinkE0CSgSayAI0oE0CGtcfc",
            "moduleName": "FilesPlugin",
            "overriding": true,
            "implicit": true,
            "declAttributes": [
              "Override"
            ],
            "init_kind": "Designated"
          }
        ],
        "declKind": "Class",
        "usr": "s:11FilesPlugin0A18SelectFileMetadataC",
        "mangledName": "$s11FilesPlugin0A18SelectFileMetadataC",
        "moduleName": "FilesPlugin",
        "declAttributes": [
          "AccessControl",
          "RawDocComment"
        ],
        "superclassUsr": "s:18MobileWorkflowCore12StepMetadataC",
        "hasMissingDesignatedInitializers": true,
        "superclassNames": [
          "MobileWorkflowCore.StepMetadata"
        ],
        "conformances": [
          {
            "kind": "Conformance",
            "name": "Decodable",
            "printedName": "Decodable",
            "usr": "s:Se",
            "mangledName": "$sSe"
          },
          {
            "kind": "Conformance",
            "name": "Encodable",
            "printedName": "Encodable",
            "usr": "s:SE",
            "mangledName": "$sSE"
          }
        ]
      },
      {
        "kind": "TypeDecl",
        "name": "SelectFileStep",
        "printedName": "SelectFileStep",
        "children": [
          {
            "kind": "Var",
            "name": "properties",
            "printedName": "properties",
            "children": [
              {
                "kind": "TypeNominal",
                "name": "FilesSelectFileMetadata",
                "printedName": "FilesPlugin.FilesSelectFileMetadata",
                "usr": "s:11FilesPlugin0A18SelectFileMetadataC"
              }
            ],
            "declKind": "Var",
            "usr": "s:11FilesPlugin14SelectFileStepC10propertiesAA0acD8MetadataCvp",
            "mangledName": "$s11FilesPlugin14SelectFileStepC10propertiesAA0acD8MetadataCvp",
            "moduleName": "FilesPlugin",
            "declAttributes": [
              "Final",
              "HasStorage",
              "AccessControl"
            ],
            "isLet": true,
            "hasStorage": true,
            "accessors": [
              {
                "kind": "Accessor",
                "name": "Get",
                "printedName": "Get()",
                "children": [
                  {
                    "kind": "TypeNominal",
                    "name": "FilesSelectFileMetadata",
                    "printedName": "FilesPlugin.FilesSelectFileMetadata",
                    "usr": "s:11FilesPlugin0A18SelectFileMetadataC"
                  }
                ],
                "declKind": "Accessor",
                "usr": "s:11FilesPlugin14SelectFileStepC10propertiesAA0acD8MetadataCvg",
                "mangledName": "$s11FilesPlugin14SelectFileStepC10propertiesAA0acD8MetadataCvg",
                "moduleName": "FilesPlugin",
                "implicit": true,
                "declAttributes": [
                  "Final"
                ],
                "accessorKind": "get"
              }
            ]
          },
          {
            "kind": "Constructor",
            "name": "init",
            "printedName": "init(properties:session:services:)",
            "children": [
              {
                "kind": "TypeNominal",
                "name": "SelectFileStep",
                "printedName": "FilesPlugin.SelectFileStep",
                "usr": "s:11FilesPlugin14SelectFileStepC"
              },
              {
                "kind": "TypeNominal",
                "name": "FilesSelectFileMetadata",
                "printedName": "FilesPlugin.FilesSelectFileMetadata",
                "usr": "s:11FilesPlugin0A18SelectFileMetadataC"
              },
              {
                "kind": "TypeNominal",
                "name": "Session",
                "printedName": "MobileWorkflowCore.Session",
                "usr": "s:18MobileWorkflowCore7SessionC"
              },
              {
                "kind": "TypeNominal",
                "name": "StepServices",
                "printedName": "MobileWorkflowCore.StepServices",
                "usr": "s:18MobileWorkflowCore12StepServicesC"
              }
            ],
            "declKind": "Constructor",
            "usr": "s:11FilesPlugin14SelectFileStepC10properties7session8servicesAcA0acD8MetadataC_18MobileWorkflowCore7SessionCAI0E8ServicesCtcfc",
            "mangledName": "$s11FilesPlugin14SelectFileStepC10properties7session8servicesAcA0acD8MetadataC_18MobileWorkflowCore7SessionCAI0E8ServicesCtcfc",
            "moduleName": "FilesPlugin",
            "declAttributes": [
              "Required",
              "AccessControl"
            ],
            "init_kind": "Designated"
          },
          {
            "kind": "Function",
            "name": "instantiateViewController",
            "printedName": "instantiateViewController()",
            "children": [
              {
                "kind": "TypeNominal",
                "name": "StepViewController",
                "printedName": "MobileWorkflowCore.StepViewController",
                "usr": "s:18MobileWorkflowCore18StepViewControllerP"
              }
            ],
            "declKind": "Func",
            "usr": "s:11FilesPlugin14SelectFileStepC25instantiateViewController18MobileWorkflowCore0egH0_pyF",
            "mangledName": "$s11FilesPlugin14SelectFileStepC25instantiateViewController18MobileWorkflowCore0egH0_pyF",
            "moduleName": "FilesPlugin",
            "overriding": true,
            "declAttributes": [
              "Override",
              "AccessControl"
            ],
            "funcSelfKind": "NonMutating"
          },
          {
            "kind": "Constructor",
            "name": "init",
            "printedName": "init(identifier:session:services:)",
            "children": [
              {
                "kind": "TypeNominal",
                "name": "SelectFileStep",
                "printedName": "FilesPlugin.SelectFileStep",
                "usr": "s:11FilesPlugin14SelectFileStepC"
              },
              {
                "kind": "TypeNominal",
                "name": "String",
                "printedName": "Swift.String",
                "usr": "s:SS"
              },
              {
                "kind": "TypeNominal",
                "name": "Session",
                "printedName": "MobileWorkflowCore.Session",
                "usr": "s:18MobileWorkflowCore7SessionC"
              },
              {
                "kind": "TypeNominal",
                "name": "StepServices",
                "printedName": "MobileWorkflowCore.StepServices",
                "usr": "s:18MobileWorkflowCore12StepServicesC"
              }
            ],
            "declKind": "Constructor",
            "usr": "s:11FilesPlugin14SelectFileStepC10identifier7session8servicesACSS_18MobileWorkflowCore7SessionCAG0E8ServicesCtcfc",
            "mangledName": "$s11FilesPlugin14SelectFileStepC10identifier7session8servicesACSS_18MobileWorkflowCore7SessionCAG0E8ServicesCtcfc",
            "moduleName": "FilesPlugin",
            "overriding": true,
            "implicit": true,
            "declAttributes": [
              "Override"
            ],
            "init_kind": "Designated"
          }
        ],
        "declKind": "Class",
        "usr": "s:11FilesPlugin14SelectFileStepC",
        "mangledName": "$s11FilesPlugin14SelectFileStepC",
        "moduleName": "FilesPlugin",
        "declAttributes": [
          "AccessControl",
          "RawDocComment"
        ],
        "superclassUsr": "s:18MobileWorkflowCore14ObservableStepC",
        "superclassNames": [
          "MobileWorkflowCore.ObservableStep",
          "MobileWorkflowCore.MWStep"
        ],
        "conformances": [
          {
            "kind": "Conformance",
            "name": "BuildableStepWithMetadata",
            "printedName": "BuildableStepWithMetadata",
            "children": [
              {
                "kind": "TypeWitness",
                "name": "Metadata",
                "printedName": "Metadata",
                "children": [
                  {
                    "kind": "TypeNominal",
                    "name": "FilesSelectFileMetadata",
                    "printedName": "FilesPlugin.FilesSelectFileMetadata",
                    "usr": "s:11FilesPlugin0A18SelectFileMetadataC"
                  }
                ]
              }
            ],
            "usr": "s:18MobileWorkflowCore25BuildableStepWithMetadataP",
            "mangledName": "$s18MobileWorkflowCore25BuildableStepWithMetadataP"
          },
          {
            "kind": "Conformance",
            "name": "StepViewModel",
            "printedName": "StepViewModel",
            "usr": "s:18MobileWorkflowCore13StepViewModelP",
            "mangledName": "$s18MobileWorkflowCore13StepViewModelP"
          },
          {
            "kind": "Conformance",
            "name": "ObservableObject",
            "printedName": "ObservableObject",
            "children": [
              {
                "kind": "TypeWitness",
                "name": "ObjectWillChangePublisher",
                "printedName": "ObjectWillChangePublisher",
                "children": [
                  {
                    "kind": "TypeNominal",
                    "name": "ObservableObjectPublisher",
                    "printedName": "Combine.ObservableObjectPublisher",
                    "usr": "s:7Combine25ObservableObjectPublisherC"
                  }
                ]
              }
            ],
            "usr": "s:7Combine16ObservableObjectP",
            "mangledName": "$s7Combine16ObservableObjectP"
          },
          {
            "kind": "Conformance",
            "name": "Step",
            "printedName": "Step",
            "usr": "s:18MobileWorkflowCore4StepP",
            "mangledName": "$s18MobileWorkflowCore4StepP"
          },
          {
            "kind": "Conformance",
            "name": "BuildableStep",
            "printedName": "BuildableStep",
            "usr": "s:18MobileWorkflowCore13BuildableStepP",
            "mangledName": "$s18MobileWorkflowCore13BuildableStepP"
          }
        ]
      },
      {
        "kind": "TypeDecl",
        "name": "SelectFileStepViewController",
        "printedName": "SelectFileStepViewController",
        "children": [
          {
            "kind": "Var",
            "name": "titleMode",
            "printedName": "titleMode",
            "children": [
              {
                "kind": "TypeNominal",
                "name": "StepViewControllerTitleMode",
                "printedName": "MobileWorkflowCore.StepViewControllerTitleMode",
                "usr": "s:18MobileWorkflowCore27StepViewControllerTitleModeO"
              }
            ],
            "declKind": "Var",
            "usr": "s:11FilesPlugin28SelectFileStepViewControllerC9titleMode18MobileWorkflowCore0efg5TitleI0Ovp",
            "mangledName": "$s11FilesPlugin28SelectFileStepViewControllerC9titleMode18MobileWorkflowCore0efg5TitleI0Ovp",
            "moduleName": "FilesPlugin",
            "overriding": true,
            "declAttributes": [
              "Custom",
              "Override",
              "AccessControl"
            ],
            "accessors": [
              {
                "kind": "Accessor",
                "name": "Get",
                "printedName": "Get()",
                "children": [
                  {
                    "kind": "TypeNominal",
                    "name": "StepViewControllerTitleMode",
                    "printedName": "MobileWorkflowCore.StepViewControllerTitleMode",
                    "usr": "s:18MobileWorkflowCore27StepViewControllerTitleModeO"
                  }
                ],
                "declKind": "Accessor",
                "usr": "s:11FilesPlugin28SelectFileStepViewControllerC9titleMode18MobileWorkflowCore0efg5TitleI0Ovg",
                "mangledName": "$s11FilesPlugin28SelectFileStepViewControllerC9titleMode18MobileWorkflowCore0efg5TitleI0Ovg",
                "moduleName": "FilesPlugin",
                "overriding": true,
                "accessorKind": "get"
              }
            ]
          },
          {
            "kind": "Function",
            "name": "viewDidLoad",
            "printedName": "viewDidLoad()",
            "children": [
              {
                "kind": "TypeNominal",
                "name": "Void",
                "printedName": "()"
              }
            ],
            "declKind": "Func",
            "usr": "c:@M@FilesPlugin@objc(cs)SelectFileStepViewController(im)viewDidLoad",
            "mangledName": "$s11FilesPlugin28SelectFileStepViewControllerC11viewDidLoadyyF",
            "moduleName": "FilesPlugin",
            "overriding": true,
            "objc_name": "viewDidLoad",
            "declAttributes": [
              "Dynamic",
              "ObjC",
              "Custom",
              "Override",
              "AccessControl"
            ],
            "funcSelfKind": "NonMutating"
          },
          {
            "kind": "Constructor",
            "name": "init",
            "printedName": "init(step:nibName:bundle:)",
            "children": [
              {
                "kind": "TypeNominal",
                "name": "SelectFileStepViewController",
                "printedName": "FilesPlugin.SelectFileStepViewController",
                "usr": "c:@M@FilesPlugin@objc(cs)SelectFileStepViewController"
              },
              {
                "kind": "TypeNominal",
                "name": "Step",
                "printedName": "MobileWorkflowCore.Step",
                "usr": "s:18MobileWorkflowCore4StepP"
              },
              {
                "kind": "TypeNominal",
                "name": "Optional",
                "printedName": "Swift.String?",
                "children": [
                  {
                    "kind": "TypeNominal",
                    "name": "String",
                    "printedName": "Swift.String",
                    "usr": "s:SS"
                  }
                ],
                "usr": "s:Sq"
              },
              {
                "kind": "TypeNominal",
                "name": "Optional",
                "printedName": "Foundation.Bundle?",
                "children": [
                  {
                    "kind": "TypeNominal",
                    "name": "Bundle",
                    "printedName": "Foundation.Bundle",
                    "usr": "c:objc(cs)NSBundle"
                  }
                ],
                "usr": "s:Sq"
              }
            ],
            "declKind": "Constructor",
            "usr": "s:11FilesPlugin28SelectFileStepViewControllerC4step7nibName6bundleAC18MobileWorkflowCore0E0_p_SSSgSo8NSBundleCSgtcfc",
            "mangledName": "$s11FilesPlugin28SelectFileStepViewControllerC4step7nibName6bundleAC18MobileWorkflowCore0E0_p_SSSgSo8NSBundleCSgtcfc",
            "moduleName": "FilesPlugin",
            "overriding": true,
            "implicit": true,
            "declAttributes": [
              "Custom",
              "Override"
            ],
            "init_kind": "Designated"
          },
          {
            "kind": "Constructor",
            "name": "init",
            "printedName": "init(step:)",
            "children": [
              {
                "kind": "TypeNominal",
                "name": "SelectFileStepViewController",
                "printedName": "FilesPlugin.SelectFileStepViewController",
                "usr": "c:@M@FilesPlugin@objc(cs)SelectFileStepViewController"
              },
              {
                "kind": "TypeNominal",
                "name": "Step",
                "printedName": "MobileWorkflowCore.Step",
                "usr": "s:18MobileWorkflowCore4StepP"
              }
            ],
            "declKind": "Constructor",
            "usr": "s:11FilesPlugin28SelectFileStepViewControllerC4stepAC18MobileWorkflowCore0E0_p_tcfc",
            "mangledName": "$s11FilesPlugin28SelectFileStepViewControllerC4stepAC18MobileWorkflowCore0E0_p_tcfc",
            "moduleName": "FilesPlugin",
            "overriding": true,
            "implicit": true,
            "declAttributes": [
              "Custom",
              "Override"
            ],
            "init_kind": "Designated"
          },
          {
            "kind": "Constructor",
            "name": "init",
            "printedName": "init(coder:)",
            "children": [
              {
                "kind": "TypeNominal",
                "name": "Optional",
                "printedName": "FilesPlugin.SelectFileStepViewController?",
                "children": [
                  {
                    "kind": "TypeNominal",
                    "name": "SelectFileStepViewController",
                    "printedName": "FilesPlugin.SelectFileStepViewController",
                    "usr": "c:@M@FilesPlugin@objc(cs)SelectFileStepViewController"
                  }
                ],
                "usr": "s:Sq"
              },
              {
                "kind": "TypeNominal",
                "name": "NSCoder",
                "printedName": "Foundation.NSCoder",
                "usr": "c:objc(cs)NSCoder"
              }
            ],
            "declKind": "Constructor",
            "usr": "c:@M@FilesPlugin@objc(cs)SelectFileStepViewController(im)initWithCoder:",
            "mangledName": "$s11FilesPlugin28SelectFileStepViewControllerC5coderACSgSo7NSCoderC_tcfc",
            "moduleName": "FilesPlugin",
            "overriding": true,
            "implicit": true,
            "objc_name": "initWithCoder:",
            "declAttributes": [
              "Dynamic",
              "ObjC",
              "Custom",
              "Required"
            ],
            "init_kind": "Designated"
          }
        ],
        "declKind": "Class",
        "usr": "c:@M@FilesPlugin@objc(cs)SelectFileStepViewController",
        "mangledName": "$s11FilesPlugin28SelectFileStepViewControllerC",
        "moduleName": "FilesPlugin",
        "declAttributes": [
          "Custom",
          "AccessControl",
          "RawDocComment",
          "ObjC"
        ],
        "superclassUsr": "c:@M@MobileWorkflowCore@objc(cs)MWStepViewController",
        "inheritsConvenienceInitializers": true,
        "superclassNames": [
          "MobileWorkflowCore.MWStepViewController",
          "UIKit.UIViewController",
          "UIKit.UIResponder",
          "ObjectiveC.NSObject"
        ],
        "conformances": [
          {
            "kind": "Conformance",
            "name": "StepViewController",
            "printedName": "StepViewController",
            "usr": "s:18MobileWorkflowCore18StepViewControllerP",
            "mangledName": "$s18MobileWorkflowCore18StepViewControllerP"
          },
          {
            "kind": "Conformance",
            "name": "Equatable",
            "printedName": "Equatable",
            "usr": "s:SQ",
            "mangledName": "$sSQ"
          },
          {
            "kind": "Conformance",
            "name": "Hashable",
            "printedName": "Hashable",
            "usr": "s:SH",
            "mangledName": "$sSH"
          },
          {
            "kind": "Conformance",
            "name": "CVarArg",
            "printedName": "CVarArg",
            "usr": "s:s7CVarArgP",
            "mangledName": "$ss7CVarArgP"
          },
          {
            "kind": "Conformance",
            "name": "_KeyValueCodingAndObservingPublishing",
            "printedName": "_KeyValueCodingAndObservingPublishing",
            "usr": "s:10Foundation37_KeyValueCodingAndObservingPublishingP",
            "mangledName": "$s10Foundation37_KeyValueCodingAndObservingPublishingP"
          },
          {
            "kind": "Conformance",
            "name": "_KeyValueCodingAndObserving",
            "printedName": "_KeyValueCodingAndObserving",
            "usr": "s:10Foundation27_KeyValueCodingAndObservingP",
            "mangledName": "$s10Foundation27_KeyValueCodingAndObservingP"
          },
          {
            "kind": "Conformance",
            "name": "CustomStringConvertible",
            "printedName": "CustomStringConvertible",
            "usr": "s:s23CustomStringConvertibleP",
            "mangledName": "$ss23CustomStringConvertibleP"
          },
          {
            "kind": "Conformance",
            "name": "CustomDebugStringConvertible",
            "printedName": "CustomDebugStringConvertible",
            "usr": "s:s28CustomDebugStringConvertibleP",
            "mangledName": "$ss28CustomDebugStringConvertibleP"
          },
          {
            "kind": "Conformance",
            "name": "UITraitChangeObservable",
            "printedName": "UITraitChangeObservable",
            "usr": "s:5UIKit23UITraitChangeObservableP",
            "mangledName": "$s5UIKit23UITraitChangeObservableP"
          }
        ]
      },
      {
        "kind": "Import",
        "name": "SwiftUI",
        "printedName": "SwiftUI",
        "declKind": "Import",
        "moduleName": "FilesPlugin",
        "declAttributes": [
          "RawDocComment"
        ]
      },
      {
        "kind": "Import",
        "name": "MobileWorkflowCore",
        "printedName": "MobileWorkflowCore",
        "declKind": "Import",
        "moduleName": "FilesPlugin"
      },
      {
        "kind": "Import",
        "name": "PhotosUI",
        "printedName": "PhotosUI",
        "declKind": "Import",
        "moduleName": "FilesPlugin"
      },
      {
        "kind": "Import",
        "name": "SwiftUI",
        "printedName": "SwiftUI",
        "declKind": "Import",
        "moduleName": "FilesPlugin",
        "declAttributes": [
          "RawDocComment"
        ]
      },
      {
        "kind": "Import",
        "name": "PhotosUI",
        "printedName": "PhotosUI",
        "declKind": "Import",
        "moduleName": "FilesPlugin"
      },
      {
        "kind": "TypeDecl",
        "name": "StepMetadata",
        "printedName": "StepMetadata",
        "children": [
          {
            "kind": "Function",
            "name": "filesSelectFile",
            "printedName": "filesSelectFile(id:title:optional:text:next:links:)",
            "children": [
              {
                "kind": "TypeNominal",
                "name": "FilesSelectFileMetadata",
                "printedName": "FilesPlugin.FilesSelectFileMetadata",
                "usr": "s:11FilesPlugin0A18SelectFileMetadataC"
              },
              {
                "kind": "TypeNominal",
                "name": "String",
                "printedName": "Swift.String",
                "usr": "s:SS"
              },
              {
                "kind": "TypeNominal",
                "name": "String",
                "printedName": "Swift.String",
                "usr": "s:SS"
              },
              {
                "kind": "TypeNominal",
                "name": "Optional",
                "printedName": "Swift.Bool?",
                "children": [
                  {
                    "kind": "TypeNominal",
                    "name": "Bool",
                    "printedName": "Swift.Bool",
                    "usr": "s:Sb"
                  }
                ],
                "hasDefaultArg": true,
                "usr": "s:Sq"
              },
              {
                "kind": "TypeNominal",
                "name": "Optional",
                "printedName": "Swift.String?",
                "children": [
                  {
                    "kind": "TypeNominal",
                    "name": "String",
                    "printedName": "Swift.String",
                    "usr": "s:SS"
                  }
                ],
                "hasDefaultArg": true,
                "usr": "s:Sq"
              },
              {
                "kind": "TypeNominal",
                "name": "Optional",
                "printedName": "MobileWorkflowCore.PushLinkMetadata?",
                "children": [
                  {
                    "kind": "TypeNominal",
                    "name": "PushLinkMetadata",
                    "printedName": "MobileWorkflowCore.PushLinkMetadata",
                    "usr": "s:18MobileWorkflowCore16PushLinkMetadataC"
                  }
                ],
                "hasDefaultArg": true,
                "usr": "s:Sq"
              },
              {
                "kind": "TypeNominal",
                "name": "Array",
                "printedName": "[MobileWorkflowCore.LinkMetadata]",
                "children": [
                  {
                    "kind": "TypeNominal",
                    "name": "LinkMetadata",
                    "printedName": "MobileWorkflowCore.LinkMetadata",
                    "usr": "s:18MobileWorkflowCore12LinkMetadataC"
                  }
                ],
                "hasDefaultArg": true,
                "usr": "s:Sa"
              }
            ],
            "declKind": "Func",
            "usr": "s:18MobileWorkflowCore12StepMetadataC11FilesPluginE15filesSelectFile2id5title8optional4text4next5linksAD0fijE0CSS_SSSbSgSSSgAA08PushLinkE0CSgSayAA0rE0CGtFZ",
            "mangledName": "$s18MobileWorkflowCore12StepMetadataC11FilesPluginE15filesSelectFile2id5title8optional4text4next5linksAD0fijE0CSS_SSSbSgSSSgAA08PushLinkE0CSgSayAA0rE0CGtFZ",
            "moduleName": "FilesPlugin",
            "static": true,
            "declAttributes": [
              "Final"
            ],
            "isFromExtension": true,
            "funcSelfKind": "NonMutating"
          }
        ],
        "declKind": "Class",
        "usr": "s:18MobileWorkflowCore12StepMetadataC",
        "mangledName": "$s18MobileWorkflowCore12StepMetadataC",
        "moduleName": "MobileWorkflowCore",
        "isOpen": true,
        "isExternal": true,
        "conformances": [
          {
            "kind": "Conformance",
            "name": "Decodable",
            "printedName": "Decodable",
            "usr": "s:Se",
            "mangledName": "$sSe"
          },
          {
            "kind": "Conformance",
            "name": "Encodable",
            "printedName": "Encodable",
            "usr": "s:SE",
            "mangledName": "$sSE"
          }
        ]
      }
    ],
    "json_format_version": 8
  },
  "ConstValues": [
    {
      "filePath": "\/Users\/vagrant\/git\/project\/FilesPlugin\/FilesPlugin\/FilesPluginStruct.swift",
      "kind": "StringLiteral",
      "offset": 479,
      "length": 31,
      "value": "\"io.app-rail.files.select-file\""
    },
    {
      "filePath": "\/Users\/vagrant\/git\/project\/FilesPlugin\/FilesPlugin\/FilesPluginStruct.swift",
      "kind": "StringLiteral",
      "offset": 479,
      "length": 31,
      "value": "\"io.app-rail.files.select-file\""
    },
    {
      "filePath": "\/Users\/vagrant\/git\/project\/FilesPlugin\/FilesPlugin\/AssetHandler.swift",
      "kind": "StringLiteral",
      "offset": 293,
      "length": 21,
      "value": "\"Unable to load file\""
    },
    {
      "filePath": "\/Users\/vagrant\/git\/project\/FilesPlugin\/FilesPlugin\/AssetHandler.swift",
      "kind": "BooleanLiteral",
      "offset": 1045,
      "length": 5,
      "value": "false"
    },
    {
      "filePath": "\/Users\/vagrant\/git\/project\/FilesPlugin\/FilesPlugin\/AssetHandler.swift",
      "kind": "BooleanLiteral",
      "offset": 4713,
      "length": 5,
      "value": "false"
    },
    {
      "filePath": "\/Users\/vagrant\/git\/project\/FilesPlugin\/FilesPlugin\/SelectFileStep.swift",
      "kind": "StringLiteral",
      "offset": 489,
      "length": 26,
      "value": "\"application\/octet-stream\""
    },
    {
      "filePath": "\/Users\/vagrant\/git\/project\/FilesPlugin\/FilesPlugin\/SelectFileStep.swift",
      "kind": "StringLiteral",
      "offset": 918,
      "length": 31,
      "value": "\"io.app-rail.files.select-file\""
    },
    {
      "filePath": "\/Users\/vagrant\/git\/project\/FilesPlugin\/FilesPlugin\/SelectFileStep.swift",
      "kind": "StringLiteral",
      "offset": 579,
      "length": 23,
      "value": "\"FilesPlugin.FilesSelectFileMetadata\""
    },
    {
      "filePath": "\/Users\/vagrant\/git\/project\/FilesPlugin\/FilesPlugin\/SelectFileStep.swift",
      "kind": "Array",
      "offset": 1783,
      "length": 2,
      "value": "[]"
    },
    {
      "filePath": "\/Users\/vagrant\/git\/project\/FilesPlugin\/FilesPlugin\/SelectFileStep.swift",
      "kind": "StringLiteral",
      "offset": 2008,
      "length": 14,
      "value": "\"FilesPlugin.SelectFileStep\""
    },
    {
      "filePath": "\/Users\/vagrant\/git\/project\/FilesPlugin\/FilesPlugin\/SelectFileStep.swift",
      "kind": "StringLiteral",
      "offset": 3656,
      "length": 6,
      "value": "\"file\""
    },
    {
      "filePath": "\/Users\/vagrant\/git\/project\/FilesPlugin\/FilesPlugin\/SelectFileStep.swift",
      "kind": "StringLiteral",
      "offset": 3998,
      "length": 8,
      "value": "\"answer\""
    },
    {
      "filePath": "\/Users\/vagrant\/git\/project\/FilesPlugin\/FilesPlugin\/SelectFileStep.swift",
      "kind": "StringLiteral",
      "offset": 4033,
      "length": 6,
      "value": "\"file\""
    },
    {
      "filePath": "\/Users\/vagrant\/git\/project\/FilesPlugin\/FilesPlugin\/SelectFileStep.swift",
      "kind": "StringLiteral",
      "offset": 4066,
      "length": 6,
      "value": "\"name\""
    },
    {
      "filePath": "\/Users\/vagrant\/git\/project\/FilesPlugin\/FilesPlugin\/SelectFileStep.swift",
      "kind": "StringLiteral",
      "offset": 4108,
      "length": 6,
      "value": "\"path\""
    },
    {
      "filePath": "\/Users\/vagrant\/git\/project\/FilesPlugin\/FilesPlugin\/SelectFileStep.swift",
      "kind": "StringLiteral",
      "offset": 4165,
      "length": 6,
      "value": "\"type\""
    },
    {
      "filePath": "\/Users\/vagrant\/git\/project\/FilesPlugin\/FilesPlugin\/SelectFileStep.swift",
      "kind": "StringLiteral",
      "offset": 3029,
      "length": 16,
      "value": "\"FilesPlugin.SelectFileResult\""
    },
    {
      "filePath": "\/Users\/vagrant\/git\/project\/FilesPlugin\/FilesPlugin\/SelectFileStep.swift",
      "kind": "StringLiteral",
      "offset": 3029,
      "length": 16,
      "value": "\"FilesPlugin.SelectFileResult\""
    },
    {
      "filePath": "\/Users\/vagrant\/git\/project\/FilesPlugin\/FilesPlugin\/Views\/SelectFileStepContentView.swift",
      "kind": "BooleanLiteral",
      "offset": 469,
      "length": 5,
      "value": "false"
    },
    {
      "filePath": "\/Users\/vagrant\/git\/project\/FilesPlugin\/FilesPlugin\/Views\/SelectFileStepContentView.swift",
      "kind": "BooleanLiteral",
      "offset": 515,
      "length": 5,
      "value": "false"
    },
    {
      "filePath": "\/Users\/vagrant\/git\/project\/FilesPlugin\/FilesPlugin\/Views\/SelectFileStepContentView.swift",
      "kind": "BooleanLiteral",
      "offset": 564,
      "length": 5,
      "value": "false"
    },
    {
      "filePath": "\/Users\/vagrant\/git\/project\/FilesPlugin\/FilesPlugin\/Views\/SelectFileStepContentView.swift",
      "kind": "BooleanLiteral",
      "offset": 607,
      "length": 5,
      "value": "false"
    },
    {
      "filePath": "\/Users\/vagrant\/git\/project\/FilesPlugin\/FilesPlugin\/Views\/SelectFileStepContentView.swift",
      "kind": "BooleanLiteral",
      "offset": 760,
      "length": 5,
      "value": "false"
    },
    {
      "filePath": "\/Users\/vagrant\/git\/project\/FilesPlugin\/FilesPlugin\/Views\/SelectFileStepContentView.swift",
      "kind": "BooleanLiteral",
      "offset": 843,
      "length": 4,
      "value": "true"
    },
    {
      "filePath": "\/Users\/vagrant\/git\/project\/FilesPlugin\/FilesPlugin\/Views\/SelectFileStepContentView.swift",
      "kind": "StringLiteral",
      "offset": 892,
      "length": 6,
      "value": "\"Skip\""
    },
    {
      "filePath": "\/Users\/vagrant\/git\/project\/FilesPlugin\/FilesPlugin\/Views\/SelectFileStepContentView.swift",
      "kind": "StringLiteral",
      "offset": 935,
      "length": 6,
      "value": "\"Next\""
    },
    {
      "filePath": "\/Users\/vagrant\/git\/project\/FilesPlugin\/FilesPlugin\/Views\/SelectFileStepContentView.swift",
      "kind": "StringLiteral",
      "offset": 1054,
      "length": 13,
      "value": "\"Select File\""
    },
    {
      "filePath": "\/Users\/vagrant\/git\/project\/FilesPlugin\/FilesPlugin\/Views\/SelectFileStepContentView.swift",
      "kind": "StringLiteral",
      "offset": 1104,
      "length": 14,
      "value": "\"Replace File\""
    },
    {
      "filePath": "\/Users\/vagrant\/git\/project\/FilesPlugin\/FilesPlugin\/Views\/SelectFileStepContentView.swift",
      "kind": "FloatLiteral",
      "offset": 1495,
      "length": 4,
      "value": "16.0"
    },
    {
      "filePath": "\/Users\/vagrant\/git\/project\/FilesPlugin\/FilesPlugin\/Views\/SelectFileStepContentView.swift",
      "kind": "StringLiteral",
      "offset": 1904,
      "length": 47,
      "value": "\"\""
    },
    {
      "filePath": "\/Users\/vagrant\/git\/project\/FilesPlugin\/FilesPlugin\/Views\/SelectFileStepContentView.swift",
      "kind": "StringLiteral",
      "offset": 1920,
      "length": 16,
      "value": "\"Selected File:\""
    },
    {
      "filePath": "\/Users\/vagrant\/git\/project\/FilesPlugin\/FilesPlugin\/Views\/SelectFileStepContentView.swift",
      "kind": "StringLiteral",
      "offset": 1938,
      "length": 1,
      "value": "\" \""
    },
    {
      "filePath": "\/Users\/vagrant\/git\/project\/FilesPlugin\/FilesPlugin\/Views\/SelectFileStepContentView.swift",
      "kind": "StringLiteral",
      "offset": 1950,
      "length": 2,
      "value": "\"\""
    },
    {
      "filePath": "\/Users\/vagrant\/git\/project\/FilesPlugin\/FilesPlugin\/Views\/SelectFileStepContentView.swift",
      "kind": "StringLiteral",
      "offset": 2291,
      "length": 16,
      "value": "\"Importing File\""
    },
    {
      "filePath": "\/Users\/vagrant\/git\/project\/FilesPlugin\/FilesPlugin\/Views\/SelectFileStepContentView.swift",
      "kind": "IntegerLiteral",
      "offset": 2405,
      "length": 1,
      "value": "0"
    },
    {
      "filePath": "\/Users\/vagrant\/git\/project\/FilesPlugin\/FilesPlugin\/Views\/SelectFileStepContentView.swift",
      "kind": "BooleanLiteral",
      "offset": 2781,
      "length": 5,
      "value": "false"
    },
    {
      "filePath": "\/Users\/vagrant\/git\/project\/FilesPlugin\/FilesPlugin\/Views\/SelectFileStepContentView.swift",
      "kind": "BooleanLiteral",
      "offset": 2819,
      "length": 4,
      "value": "true"
    },
    {
      "filePath": "\/Users\/vagrant\/git\/project\/FilesPlugin\/FilesPlugin\/Views\/SelectFileStepContentView.swift",
      "kind": "StringLiteral",
      "offset": 3029,
      "length": 8,
      "value": "\"Source\""
    },
    {
      "filePath": "\/Users\/vagrant\/git\/project\/FilesPlugin\/FilesPlugin\/Views\/SelectFileStepContentView.swift",
      "kind": "StringLiteral",
      "offset": 3138,
      "length": 9,
      "value": "\"Gallery\""
    },
    {
      "filePath": "\/Users\/vagrant\/git\/project\/FilesPlugin\/FilesPlugin\/Views\/SelectFileStepContentView.swift",
      "kind": "BooleanLiteral",
      "offset": 3179,
      "length": 4,
      "value": "true"
    },
    {
      "filePath": "\/Users\/vagrant\/git\/project\/FilesPlugin\/FilesPlugin\/Views\/SelectFileStepContentView.swift",
      "kind": "StringLiteral",
      "offset": 3218,
      "length": 7,
      "value": "\"Files\""
    },
    {
      "filePath": "\/Users\/vagrant\/git\/project\/FilesPlugin\/FilesPlugin\/Views\/SelectFileStepContentView.swift",
      "kind": "BooleanLiteral",
      "offset": 3254,
      "length": 4,
      "value": "true"
    },
    {
      "filePath": "\/Users\/vagrant\/git\/project\/FilesPlugin\/FilesPlugin\/Views\/SelectFileStepContentView.swift",
      "kind": "BooleanLiteral",
      "offset": 3371,
      "length": 5,
      "value": "false"
    },
    {
      "filePath": "\/Users\/vagrant\/git\/project\/FilesPlugin\/FilesPlugin\/Views\/SelectFileStepContentView.swift",
      "kind": "StringLiteral",
      "offset": 3610,
      "length": 4,
      "value": "\"OK\""
    },
    {
      "filePath": "\/Users\/vagrant\/git\/project\/FilesPlugin\/FilesPlugin\/Views\/SelectFileStepContentView.swift",
      "kind": "StringLiteral",
      "offset": 3701,
      "length": 41,
      "value": "\"Please, check file format and try again\""
    },
    {
      "filePath": "\/Users\/vagrant\/git\/project\/FilesPlugin\/FilesPlugin\/Views\/SelectFileStepContentView.swift",
      "kind": "BooleanLiteral",
      "offset": 4055,
      "length": 4,
      "value": "true"
    },
    {
      "filePath": "\/Users\/vagrant\/git\/project\/FilesPlugin\/FilesPlugin\/Views\/SelectFileStepContentView.swift",
      "kind": "BooleanLiteral",
      "offset": 4097,
      "length": 5,
      "value": "false"
    },
    {
      "filePath": "\/Users\/vagrant\/git\/project\/FilesPlugin\/FilesPlugin\/Views\/SelectFileStepContentView.swift",
      "kind": "BooleanLiteral",
      "offset": 4747,
      "length": 4,
      "value": "true"
    },
    {
      "filePath": "\/Users\/vagrant\/git\/project\/FilesPlugin\/FilesPlugin\/Views\/SelectFileStepContentView.swift",
      "kind": "BooleanLiteral",
      "offset": 4789,
      "length": 5,
      "value": "false"
    },
    {
      "filePath": "\/Users\/vagrant\/git\/project\/FilesPlugin\/FilesPlugin\/Views\/SelectFileStepContentView.swift",
      "kind": "BooleanLiteral",
      "offset": 5409,
      "length": 4,
      "value": "true"
    },
    {
      "filePath": "\/Users\/vagrant\/git\/project\/FilesPlugin\/FilesPlugin\/Views\/SelectFileStepContentView.swift",
      "kind": "StringLiteral",
      "offset": 5779,
      "length": 31,
      "value": "\"io.app-rail.files.select-file\""
    },
    {
      "filePath": "\/Users\/vagrant\/git\/project\/FilesPlugin\/FilesPlugin\/Views\/SelectFileStepContentView.swift",
      "kind": "StringLiteral",
      "offset": 5835,
      "length": 16,
      "value": "\"SelectFileStep\""
    },
    {
      "filePath": "\/Users\/vagrant\/git\/project\/FilesPlugin\/FilesPlugin\/Views\/SelectFileStepContentView.swift",
      "kind": "BooleanLiteral",
      "offset": 5879,
      "length": 4,
      "value": "true"
    },
    {
      "filePath": "\/Users\/vagrant\/git\/project\/FilesPlugin\/FilesPlugin\/Views\/SelectFileStepContentView.swift",
      "kind": "StringLiteral",
      "offset": 5907,
      "length": 40,
      "value": "\"Select a File to load into the session\""
    },
    {
      "filePath": "\/Users\/vagrant\/git\/project\/FilesPlugin\/FilesPlugin\/Views\/ImagePickerView.swift",
      "kind": "BooleanLiteral",
      "offset": 527,
      "length": 5,
      "value": "false"
    },
    {
      "filePath": "\/Users\/vagrant\/git\/project\/FilesPlugin\/FilesPlugin\/Views\/ImagePickerView.swift",
      "kind": "BooleanLiteral",
      "offset": 647,
      "length": 5,
      "value": "false"
    },
    {
      "filePath": "\/Users\/vagrant\/git\/project\/FilesPlugin\/FilesPlugin\/Views\/ImagePickerView.swift",
      "kind": "StringLiteral",
      "offset": 1138,
      "length": 11,
      "value": "\"FilesPlugin.Coordinator\""
    },
    {
      "filePath": "\/Users\/vagrant\/git\/project\/FilesPlugin\/FilesPlugin\/Views\/ImagePickerView.swift",
      "kind": "IntegerLiteral",
      "offset": 2491,
      "length": 1,
      "value": "1"
    }
  ]
}