{
  "ABIRoot": {
    "kind": "Root",
    "name": "TopLevel",
    "printedName": "TopLevel",
    "children": [
      {
        "kind": "Import",
        "name": "Foundation",
        "printedName": "Foundation",
        "declKind": "Import",
        "moduleName": "MWRFIDScannerPlugin",
        "declAttributes": [
          "RawDocComment"
        ]
      },
      {
        "kind": "Import",
        "name": "MobileWorkflowCore",
        "printedName": "MobileWorkflowCore",
        "declKind": "Import",
        "moduleName": "MWRFIDScannerPlugin"
      },
      {
        "kind": "Import",
        "name": "UIKit",
        "printedName": "UIKit",
        "declKind": "Import",
        "moduleName": "MWRFIDScannerPlugin",
        "declAttributes": [
          "RawDocComment"
        ]
      },
      {
        "kind": "Import",
        "name": "MobileWorkflowCore",
        "printedName": "MobileWorkflowCore",
        "declKind": "Import",
        "moduleName": "MWRFIDScannerPlugin"
      },
      {
        "kind": "Import",
        "name": "CoreNFC",
        "printedName": "CoreNFC",
        "declKind": "Import",
        "moduleName": "MWRFIDScannerPlugin"
      },
      {
        "kind": "TypeDecl",
        "name": "MWRFIDScannerRFIDScanStepViewController",
        "printedName": "MWRFIDScannerRFIDScanStepViewController",
        "children": [
          {
            "kind": "Function",
            "name": "viewDidLoad",
            "printedName": "viewDidLoad()",
            "children": [
              {
                "kind": "TypeNominal",
                "name": "Void",
                "printedName": "()"
              }
            ],
            "declKind": "Func",
            "usr": "c:@M@MWRFIDScannerPlugin@objc(cs)MWRFIDScannerRFIDScanStepViewController(im)viewDidLoad",
            "mangledName": "$s19MWRFIDScannerPlugin0A26RFIDScanStepViewControllerC11viewDidLoadyyF",
            "moduleName": "MWRFIDScannerPlugin",
            "overriding": true,
            "objc_name": "viewDidLoad",
            "declAttributes": [
              "Dynamic",
              "ObjC",
              "Custom",
              "Override",
              "AccessControl"
            ],
            "funcSelfKind": "NonMutating"
          },
          {
            "kind": "Constructor",
            "name": "init",
            "printedName": "init(instructionStep:)",
            "children": [
              {
                "kind": "TypeNominal",
                "name": "MWRFIDScannerRFIDScanStepViewController",
                "printedName": "MWRFIDScannerPlugin.MWRFIDScannerRFIDScanStepViewController",
                "usr": "c:@M@MWRFIDScannerPlugin@objc(cs)MWRFIDScannerRFIDScanStepViewController"
              },
              {
                "kind": "TypeNominal",
                "name": "InstructionStep",
                "printedName": "MobileWorkflowCore.InstructionStep",
                "usr": "s:18MobileWorkflowCore15InstructionStepP"
              }
            ],
            "declKind": "Constructor",
            "usr": "s:19MWRFIDScannerPlugin0A26RFIDScanStepViewControllerC011instructionD0AC18MobileWorkflowCore011InstructionD0_p_tcfc",
            "mangledName": "$s19MWRFIDScannerPlugin0A26RFIDScanStepViewControllerC011instructionD0AC18MobileWorkflowCore011InstructionD0_p_tcfc",
            "moduleName": "MWRFIDScannerPlugin",
            "overriding": true,
            "implicit": true,
            "declAttributes": [
              "Custom",
              "Override"
            ],
            "init_kind": "Designated"
          },
          {
            "kind": "Constructor",
            "name": "init",
            "printedName": "init(coder:)",
            "children": [
              {
                "kind": "TypeNominal",
                "name": "Optional",
                "printedName": "MWRFIDScannerPlugin.MWRFIDScannerRFIDScanStepViewController?",
                "children": [
                  {
                    "kind": "TypeNominal",
                    "name": "MWRFIDScannerRFIDScanStepViewController",
                    "printedName": "MWRFIDScannerPlugin.MWRFIDScannerRFIDScanStepViewController",
                    "usr": "c:@M@MWRFIDScannerPlugin@objc(cs)MWRFIDScannerRFIDScanStepViewController"
                  }
                ],
                "usr": "s:Sq"
              },
              {
                "kind": "TypeNominal",
                "name": "NSCoder",
                "printedName": "Foundation.NSCoder",
                "usr": "c:objc(cs)NSCoder"
              }
            ],
            "declKind": "Constructor",
            "usr": "c:@M@MWRFIDScannerPlugin@objc(cs)MWRFIDScannerRFIDScanStepViewController(im)initWithCoder:",
            "mangledName": "$s19MWRFIDScannerPlugin0A26RFIDScanStepViewControllerC5coderACSgSo7NSCoderC_tcfc",
            "moduleName": "MWRFIDScannerPlugin",
            "overriding": true,
            "implicit": true,
            "objc_name": "initWithCoder:",
            "declAttributes": [
              "Dynamic",
              "ObjC",
              "Custom",
              "Required"
            ],
            "init_kind": "Designated"
          },
          {
            "kind": "Function",
            "name": "readerSession",
            "printedName": "readerSession(_:didInvalidateWithError:)",
            "children": [
              {
                "kind": "TypeNominal",
                "name": "Void",
                "printedName": "()"
              },
              {
                "kind": "TypeNominal",
                "name": "NFCNDEFReaderSession",
                "printedName": "CoreNFC.NFCNDEFReaderSession",
                "usr": "c:objc(cs)NFCNDEFReaderSession"
              },
              {
                "kind": "TypeNominal",
                "name": "Error",
                "printedName": "Swift.Error",
                "usr": "s:s5ErrorP"
              }
            ],
            "declKind": "Func",
            "usr": "c:@CM@MWRFIDScannerPlugin@objc(cs)MWRFIDScannerRFIDScanStepViewController(im)readerSession:didInvalidateWithError:",
            "mangledName": "$s19MWRFIDScannerPlugin0A26RFIDScanStepViewControllerC13readerSession_22didInvalidateWithErrorySo013NFCNDEFReaderH0C_s0L0_ptF",
            "moduleName": "MWRFIDScannerPlugin",
            "objc_name": "readerSession:didInvalidateWithError:",
            "declAttributes": [
              "Dynamic",
              "ObjC",
              "Custom",
              "AccessControl"
            ],
            "isFromExtension": true,
            "funcSelfKind": "NonMutating"
          },
          {
            "kind": "Function",
            "name": "readerSession",
            "printedName": "readerSession(_:didDetectNDEFs:)",
            "children": [
              {
                "kind": "TypeNominal",
                "name": "Void",
                "printedName": "()"
              },
              {
                "kind": "TypeNominal",
                "name": "NFCNDEFReaderSession",
                "printedName": "CoreNFC.NFCNDEFReaderSession",
                "usr": "c:objc(cs)NFCNDEFReaderSession"
              },
              {
                "kind": "TypeNominal",
                "name": "Array",
                "printedName": "[CoreNFC.NFCNDEFMessage]",
                "children": [
                  {
                    "kind": "TypeNominal",
                    "name": "NFCNDEFMessage",
                    "printedName": "CoreNFC.NFCNDEFMessage",
                    "usr": "c:objc(cs)NFCNDEFMessage"
                  }
                ],
                "usr": "s:Sa"
              }
            ],
            "declKind": "Func",
            "usr": "c:@CM@MWRFIDScannerPlugin@objc(cs)MWRFIDScannerRFIDScanStepViewController(im)readerSession:didDetectNDEFs:",
            "mangledName": "$s19MWRFIDScannerPlugin0A26RFIDScanStepViewControllerC13readerSession_14didDetectNDEFsySo013NFCNDEFReaderH0C_SaySo14NFCNDEFMessageCGtF",
            "moduleName": "MWRFIDScannerPlugin",
            "objc_name": "readerSession:didDetectNDEFs:",
            "declAttributes": [
              "Dynamic",
              "ObjC",
              "Custom",
              "AccessControl"
            ],
            "isFromExtension": true,
            "funcSelfKind": "NonMutating"
          }
        ],
        "declKind": "Class",
        "usr": "c:@M@MWRFIDScannerPlugin@objc(cs)MWRFIDScannerRFIDScanStepViewController",
        "mangledName": "$s19MWRFIDScannerPlugin0A26RFIDScanStepViewControllerC",
        "moduleName": "MWRFIDScannerPlugin",
        "declAttributes": [
          "Custom",
          "AccessControl",
          "ObjC"
        ],
        "superclassUsr": "c:@M@MobileWorkflowCore@objc(cs)MWInstructionStepViewController",
        "inheritsConvenienceInitializers": true,
        "superclassNames": [
          "MobileWorkflowCore.MWInstructionStepViewController",
          "MobileWorkflowCore.MWContentStepViewController",
          "MobileWorkflowCore.MWStepViewController",
          "UIKit.UIViewController",
          "UIKit.UIResponder",
          "ObjectiveC.NSObject"
        ],
        "conformances": [
          {
            "kind": "Conformance",
            "name": "StepViewController",
            "printedName": "StepViewController",
            "usr": "s:18MobileWorkflowCore18StepViewControllerP",
            "mangledName": "$s18MobileWorkflowCore18StepViewControllerP"
          },
          {
            "kind": "Conformance",
            "name": "Equatable",
            "printedName": "Equatable",
            "usr": "s:SQ",
            "mangledName": "$sSQ"
          },
          {
            "kind": "Conformance",
            "name": "Hashable",
            "printedName": "Hashable",
            "usr": "s:SH",
            "mangledName": "$sSH"
          },
          {
            "kind": "Conformance",
            "name": "CVarArg",
            "printedName": "CVarArg",
            "usr": "s:s7CVarArgP",
            "mangledName": "$ss7CVarArgP"
          },
          {
            "kind": "Conformance",
            "name": "_KeyValueCodingAndObservingPublishing",
            "printedName": "_KeyValueCodingAndObservingPublishing",
            "usr": "s:10Foundation37_KeyValueCodingAndObservingPublishingP",
            "mangledName": "$s10Foundation37_KeyValueCodingAndObservingPublishingP"
          },
          {
            "kind": "Conformance",
            "name": "_KeyValueCodingAndObserving",
            "printedName": "_KeyValueCodingAndObserving",
            "usr": "s:10Foundation27_KeyValueCodingAndObservingP",
            "mangledName": "$s10Foundation27_KeyValueCodingAndObservingP"
          },
          {
            "kind": "Conformance",
            "name": "CustomStringConvertible",
            "printedName": "CustomStringConvertible",
            "usr": "s:s23CustomStringConvertibleP",
            "mangledName": "$ss23CustomStringConvertibleP"
          },
          {
            "kind": "Conformance",
            "name": "CustomDebugStringConvertible",
            "printedName": "CustomDebugStringConvertible",
            "usr": "s:s28CustomDebugStringConvertibleP",
            "mangledName": "$ss28CustomDebugStringConvertibleP"
          },
          {
            "kind": "Conformance",
            "name": "UITraitChangeObservable",
            "printedName": "UITraitChangeObservable",
            "usr": "s:5UIKit23UITraitChangeObservableP",
            "mangledName": "$s5UIKit23UITraitChangeObservableP"
          }
        ]
      },
      {
        "kind": "Import",
        "name": "Foundation",
        "printedName": "Foundation",
        "declKind": "Import",
        "moduleName": "MWRFIDScannerPlugin",
        "declAttributes": [
          "RawDocComment"
        ]
      },
      {
        "kind": "Import",
        "name": "MobileWorkflowCore",
        "printedName": "MobileWorkflowCore",
        "declKind": "Import",
        "moduleName": "MWRFIDScannerPlugin"
      },
      {
        "kind": "Import",
        "name": "UIKit",
        "printedName": "UIKit",
        "declKind": "Import",
        "moduleName": "MWRFIDScannerPlugin"
      },
      {
        "kind": "TypeDecl",
        "name": "MWRFIDScannerRFIDScanStep",
        "printedName": "MWRFIDScannerRFIDScanStep",
        "children": [
          {
            "kind": "Var",
            "name": "imageURL",
            "printedName": "imageURL",
            "children": [
              {
                "kind": "TypeNominal",
                "name": "Optional",
                "printedName": "Swift.String?",
                "children": [
                  {
                    "kind": "TypeNominal",
                    "name": "String",
                    "printedName": "Swift.String",
                    "usr": "s:SS"
                  }
                ],
                "usr": "s:Sq"
              }
            ],
            "declKind": "Var",
            "usr": "s:19MWRFIDScannerPlugin0A12RFIDScanStepC8imageURLSSSgvp",
            "mangledName": "$s19MWRFIDScannerPlugin0A12RFIDScanStepC8imageURLSSSgvp",
            "moduleName": "MWRFIDScannerPlugin",
            "declAttributes": [
              "HasInitialValue",
              "Final",
              "HasStorage",
              "AccessControl"
            ],
            "isLet": true,
            "hasStorage": true,
            "accessors": [
              {
                "kind": "Accessor",
                "name": "Get",
                "printedName": "Get()",
                "children": [
                  {
                    "kind": "TypeNominal",
                    "name": "Optional",
                    "printedName": "Swift.String?",
                    "children": [
                      {
                        "kind": "TypeNominal",
                        "name": "String",
                        "printedName": "Swift.String",
                        "usr": "s:SS"
                      }
                    ],
                    "usr": "s:Sq"
                  }
                ],
                "declKind": "Accessor",
                "usr": "s:19MWRFIDScannerPlugin0A12RFIDScanStepC8imageURLSSSgvg",
                "mangledName": "$s19MWRFIDScannerPlugin0A12RFIDScanStepC8imageURLSSSgvg",
                "moduleName": "MWRFIDScannerPlugin",
                "implicit": true,
                "declAttributes": [
                  "Final"
                ],
                "accessorKind": "get"
              }
            ]
          },
          {
            "kind": "Var",
            "name": "image",
            "printedName": "image",
            "children": [
              {
                "kind": "TypeNominal",
                "name": "Optional",
                "printedName": "UIKit.UIImage?",
                "children": [
                  {
                    "kind": "TypeNominal",
                    "name": "UIImage",
                    "printedName": "UIKit.UIImage",
                    "usr": "c:objc(cs)UIImage"
                  }
                ],
                "usr": "s:Sq"
              }
            ],
            "declKind": "Var",
            "usr": "s:19MWRFIDScannerPlugin0A12RFIDScanStepC5imageSo7UIImageCSgvp",
            "mangledName": "$s19MWRFIDScannerPlugin0A12RFIDScanStepC5imageSo7UIImageCSgvp",
            "moduleName": "MWRFIDScannerPlugin",
            "declAttributes": [
              "HasInitialValue",
              "Final",
              "HasStorage",
              "AccessControl"
            ],
            "isLet": true,
            "hasStorage": true,
            "accessors": [
              {
                "kind": "Accessor",
                "name": "Get",
                "printedName": "Get()",
                "children": [
                  {
                    "kind": "TypeNominal",
                    "name": "Optional",
                    "printedName": "UIKit.UIImage?",
                    "children": [
                      {
                        "kind": "TypeNominal",
                        "name": "UIImage",
                        "printedName": "UIKit.UIImage",
                        "usr": "c:objc(cs)UIImage"
                      }
                    ],
                    "usr": "s:Sq"
                  }
                ],
                "declKind": "Accessor",
                "usr": "s:19MWRFIDScannerPlugin0A12RFIDScanStepC5imageSo7UIImageCSgvg",
                "mangledName": "$s19MWRFIDScannerPlugin0A12RFIDScanStepC5imageSo7UIImageCSgvg",
                "moduleName": "MWRFIDScannerPlugin",
                "implicit": true,
                "declAttributes": [
                  "Final"
                ],
                "accessorKind": "get"
              }
            ]
          },
          {
            "kind": "Var",
            "name": "session",
            "printedName": "session",
            "children": [
              {
                "kind": "TypeNominal",
                "name": "Session",
                "printedName": "MobileWorkflowCore.Session",
                "usr": "s:18MobileWorkflowCore7SessionC"
              }
            ],
            "declKind": "Var",
            "usr": "s:19MWRFIDScannerPlugin0A12RFIDScanStepC7session18MobileWorkflowCore7SessionCvp",
            "mangledName": "$s19MWRFIDScannerPlugin0A12RFIDScanStepC7session18MobileWorkflowCore7SessionCvp",
            "moduleName": "MWRFIDScannerPlugin",
            "declAttributes": [
              "HasStorage",
              "AccessControl"
            ],
            "hasStorage": true,
            "accessors": [
              {
                "kind": "Accessor",
                "name": "Get",
                "printedName": "Get()",
                "children": [
                  {
                    "kind": "TypeNominal",
                    "name": "Session",
                    "printedName": "MobileWorkflowCore.Session",
                    "usr": "s:18MobileWorkflowCore7SessionC"
                  }
                ],
                "declKind": "Accessor",
                "usr": "s:19MWRFIDScannerPlugin0A12RFIDScanStepC7session18MobileWorkflowCore7SessionCvg",
                "mangledName": "$s19MWRFIDScannerPlugin0A12RFIDScanStepC7session18MobileWorkflowCore7SessionCvg",
                "moduleName": "MWRFIDScannerPlugin",
                "implicit": true,
                "accessorKind": "get"
              },
              {
                "kind": "Accessor",
                "name": "Set",
                "printedName": "Set()",
                "children": [
                  {
                    "kind": "TypeNominal",
                    "name": "Void",
                    "printedName": "()"
                  },
                  {
                    "kind": "TypeNominal",
                    "name": "Session",
                    "printedName": "MobileWorkflowCore.Session",
                    "usr": "s:18MobileWorkflowCore7SessionC"
                  }
                ],
                "declKind": "Accessor",
                "usr": "s:19MWRFIDScannerPlugin0A12RFIDScanStepC7session18MobileWorkflowCore7SessionCvs",
                "mangledName": "$s19MWRFIDScannerPlugin0A12RFIDScanStepC7session18MobileWorkflowCore7SessionCvs",
                "moduleName": "MWRFIDScannerPlugin",
                "implicit": true,
                "accessorKind": "set"
              },
              {
                "kind": "Accessor",
                "name": "Modify",
                "printedName": "Modify()",
                "children": [
                  {
                    "kind": "TypeNominal",
                    "name": "Void",
                    "printedName": "()"
                  }
                ],
                "declKind": "Accessor",
                "usr": "s:19MWRFIDScannerPlugin0A12RFIDScanStepC7session18MobileWorkflowCore7SessionCvM",
                "mangledName": "$s19MWRFIDScannerPlugin0A12RFIDScanStepC7session18MobileWorkflowCore7SessionCvM",
                "moduleName": "MWRFIDScannerPlugin",
                "implicit": true,
                "accessorKind": "_modify"
              }
            ]
          },
          {
            "kind": "Var",
            "name": "services",
            "printedName": "services",
            "children": [
              {
                "kind": "TypeNominal",
                "name": "StepServices",
                "printedName": "MobileWorkflowCore.StepServices",
                "usr": "s:18MobileWorkflowCore12StepServicesC"
              }
            ],
            "declKind": "Var",
            "usr": "s:19MWRFIDScannerPlugin0A12RFIDScanStepC8services18MobileWorkflowCore0D8ServicesCvp",
            "mangledName": "$s19MWRFIDScannerPlugin0A12RFIDScanStepC8services18MobileWorkflowCore0D8ServicesCvp",
            "moduleName": "MWRFIDScannerPlugin",
            "declAttributes": [
              "HasStorage",
              "AccessControl"
            ],
            "hasStorage": true,
            "accessors": [
              {
                "kind": "Accessor",
                "name": "Get",
                "printedName": "Get()",
                "children": [
                  {
                    "kind": "TypeNominal",
                    "name": "StepServices",
                    "printedName": "MobileWorkflowCore.StepServices",
                    "usr": "s:18MobileWorkflowCore12StepServicesC"
                  }
                ],
                "declKind": "Accessor",
                "usr": "s:19MWRFIDScannerPlugin0A12RFIDScanStepC8services18MobileWorkflowCore0D8ServicesCvg",
                "mangledName": "$s19MWRFIDScannerPlugin0A12RFIDScanStepC8services18MobileWorkflowCore0D8ServicesCvg",
                "moduleName": "MWRFIDScannerPlugin",
                "implicit": true,
                "accessorKind": "get"
              },
              {
                "kind": "Accessor",
                "name": "Set",
                "printedName": "Set()",
                "children": [
                  {
                    "kind": "TypeNominal",
                    "name": "Void",
                    "printedName": "()"
                  },
                  {
                    "kind": "TypeNominal",
                    "name": "StepServices",
                    "printedName": "MobileWorkflowCore.StepServices",
                    "usr": "s:18MobileWorkflowCore12StepServicesC"
                  }
                ],
                "declKind": "Accessor",
                "usr": "s:19MWRFIDScannerPlugin0A12RFIDScanStepC8services18MobileWorkflowCore0D8ServicesCvs",
                "mangledName": "$s19MWRFIDScannerPlugin0A12RFIDScanStepC8services18MobileWorkflowCore0D8ServicesCvs",
                "moduleName": "MWRFIDScannerPlugin",
                "implicit": true,
                "accessorKind": "set"
              },
              {
                "kind": "Accessor",
                "name": "Modify",
                "printedName": "Modify()",
                "children": [
                  {
                    "kind": "TypeNominal",
                    "name": "Void",
                    "printedName": "()"
                  }
                ],
                "declKind": "Accessor",
                "usr": "s:19MWRFIDScannerPlugin0A12RFIDScanStepC8services18MobileWorkflowCore0D8ServicesCvM",
                "mangledName": "$s19MWRFIDScannerPlugin0A12RFIDScanStepC8services18MobileWorkflowCore0D8ServicesCvM",
                "moduleName": "MWRFIDScannerPlugin",
                "implicit": true,
                "accessorKind": "_modify"
              }
            ]
          },
          {
            "kind": "Function",
            "name": "instantiateViewController",
            "printedName": "instantiateViewController()",
            "children": [
              {
                "kind": "TypeNominal",
                "name": "StepViewController",
                "printedName": "MobileWorkflowCore.StepViewController",
                "usr": "s:18MobileWorkflowCore18StepViewControllerP"
              }
            ],
            "declKind": "Func",
            "usr": "s:19MWRFIDScannerPlugin0A12RFIDScanStepC25instantiateViewController18MobileWorkflowCore0dfG0_pyF",
            "mangledName": "$s19MWRFIDScannerPlugin0A12RFIDScanStepC25instantiateViewController18MobileWorkflowCore0dfG0_pyF",
            "moduleName": "MWRFIDScannerPlugin",
            "overriding": true,
            "declAttributes": [
              "Override",
              "AccessControl"
            ],
            "funcSelfKind": "NonMutating"
          },
          {
            "kind": "Constructor",
            "name": "init",
            "printedName": "init(identifier:title:text:theme:links:navigationItems:)",
            "children": [
              {
                "kind": "TypeNominal",
                "name": "MWRFIDScannerRFIDScanStep",
                "printedName": "MWRFIDScannerPlugin.MWRFIDScannerRFIDScanStep",
                "usr": "s:19MWRFIDScannerPlugin0A12RFIDScanStepC"
              },
              {
                "kind": "TypeNominal",
                "name": "String",
                "printedName": "Swift.String",
                "usr": "s:SS"
              },
              {
                "kind": "TypeNominal",
                "name": "Optional",
                "printedName": "Swift.String?",
                "children": [
                  {
                    "kind": "TypeNominal",
                    "name": "String",
                    "printedName": "Swift.String",
                    "usr": "s:SS"
                  }
                ],
                "hasDefaultArg": true,
                "usr": "s:Sq"
              },
              {
                "kind": "TypeNominal",
                "name": "Optional",
                "printedName": "Swift.String?",
                "children": [
                  {
                    "kind": "TypeNominal",
                    "name": "String",
                    "printedName": "Swift.String",
                    "usr": "s:SS"
                  }
                ],
                "hasDefaultArg": true,
                "usr": "s:Sq"
              },
              {
                "kind": "TypeNominal",
                "name": "Theme",
                "printedName": "MobileWorkflowCore.Theme",
                "hasDefaultArg": true,
                "usr": "s:18MobileWorkflowCore5ThemeV"
              },
              {
                "kind": "TypeNominal",
                "name": "Array",
                "printedName": "[MobileWorkflowCore.StepLink]",
                "children": [
                  {
                    "kind": "TypeNominal",
                    "name": "StepLink",
                    "printedName": "MobileWorkflowCore.StepLink",
                    "usr": "s:18MobileWorkflowCore8StepLinkV"
                  }
                ],
                "hasDefaultArg": true,
                "usr": "s:Sa"
              },
              {
                "kind": "TypeNominal",
                "name": "Array",
                "printedName": "[MobileWorkflowCore.StepNavigationItem]",
                "children": [
                  {
                    "kind": "TypeNominal",
                    "name": "StepNavigationItem",
                    "printedName": "MobileWorkflowCore.StepNavigationItem",
                    "usr": "s:18MobileWorkflowCore18StepNavigationItemV"
                  }
                ],
                "hasDefaultArg": true,
                "usr": "s:Sa"
              }
            ],
            "declKind": "Constructor",
            "usr": "s:19MWRFIDScannerPlugin0A12RFIDScanStepC10identifier5title4text5theme5links15navigationItemsACSS_SSSgAJ18MobileWorkflowCore5ThemeVSayAK0D4LinkVGSayAK0D14NavigationItemVGtcfc",
            "mangledName": "$s19MWRFIDScannerPlugin0A12RFIDScanStepC10identifier5title4text5theme5links15navigationItemsACSS_SSSgAJ18MobileWorkflowCore5ThemeVSayAK0D4LinkVGSayAK0D14NavigationItemVGtcfc",
            "moduleName": "MWRFIDScannerPlugin",
            "overriding": true,
            "implicit": true,
            "declAttributes": [
              "Override"
            ],
            "init_kind": "Designated"
          },
          {
            "kind": "Constructor",
            "name": "init",
            "printedName": "init(identifier:isOptional:theme:)",
            "children": [
              {
                "kind": "TypeNominal",
                "name": "MWRFIDScannerRFIDScanStep",
                "printedName": "MWRFIDScannerPlugin.MWRFIDScannerRFIDScanStep",
                "usr": "s:19MWRFIDScannerPlugin0A12RFIDScanStepC"
              },
              {
                "kind": "TypeNominal",
                "name": "String",
                "printedName": "Swift.String",
                "usr": "s:SS"
              },
              {
                "kind": "TypeNominal",
                "name": "Bool",
                "printedName": "Swift.Bool",
                "usr": "s:Sb"
              },
              {
                "kind": "TypeNominal",
                "name": "Theme",
                "printedName": "MobileWorkflowCore.Theme",
                "usr": "s:18MobileWorkflowCore5ThemeV"
              }
            ],
            "declKind": "Constructor",
            "usr": "s:19MWRFIDScannerPlugin0A12RFIDScanStepC10identifier10isOptional5themeACSS_Sb18MobileWorkflowCore5ThemeVtcfc",
            "mangledName": "$s19MWRFIDScannerPlugin0A12RFIDScanStepC10identifier10isOptional5themeACSS_Sb18MobileWorkflowCore5ThemeVtcfc",
            "moduleName": "MWRFIDScannerPlugin",
            "overriding": true,
            "implicit": true,
            "declAttributes": [
              "Override"
            ],
            "init_kind": "Designated"
          },
          {
            "kind": "Var",
            "name": "mandatoryCodingPaths",
            "printedName": "mandatoryCodingPaths",
            "children": [
              {
                "kind": "TypeNominal",
                "name": "Array",
                "printedName": "[Swift.CodingKey]",
                "children": [
                  {
                    "kind": "TypeNominal",
                    "name": "CodingKey",
                    "printedName": "Swift.CodingKey",
                    "usr": "s:s9CodingKeyP"
                  }
                ],
                "usr": "s:Sa"
              }
            ],
            "declKind": "Var",
            "usr": "s:19MWRFIDScannerPlugin0A12RFIDScanStepC20mandatoryCodingPathsSays0F3Key_pGvpZ",
            "mangledName": "$s19MWRFIDScannerPlugin0A12RFIDScanStepC20mandatoryCodingPathsSays0F3Key_pGvpZ",
            "moduleName": "MWRFIDScannerPlugin",
            "static": true,
            "declAttributes": [
              "Final",
              "AccessControl"
            ],
            "isFromExtension": true,
            "accessors": [
              {
                "kind": "Accessor",
                "name": "Get",
                "printedName": "Get()",
                "children": [
                  {
                    "kind": "TypeNominal",
                    "name": "Array",
                    "printedName": "[Swift.CodingKey]",
                    "children": [
                      {
                        "kind": "TypeNominal",
                        "name": "CodingKey",
                        "printedName": "Swift.CodingKey",
                        "usr": "s:s9CodingKeyP"
                      }
                    ],
                    "usr": "s:Sa"
                  }
                ],
                "declKind": "Accessor",
                "usr": "s:19MWRFIDScannerPlugin0A12RFIDScanStepC20mandatoryCodingPathsSays0F3Key_pGvgZ",
                "mangledName": "$s19MWRFIDScannerPlugin0A12RFIDScanStepC20mandatoryCodingPathsSays0F3Key_pGvgZ",
                "moduleName": "MWRFIDScannerPlugin",
                "static": true,
                "declAttributes": [
                  "Final"
                ],
                "isFromExtension": true,
                "accessorKind": "get"
              }
            ]
          },
          {
            "kind": "Function",
            "name": "build",
            "printedName": "build(stepInfo:services:)",
            "children": [
              {
                "kind": "TypeNominal",
                "name": "Step",
                "printedName": "MobileWorkflowCore.Step",
                "usr": "s:18MobileWorkflowCore4StepP"
              },
              {
                "kind": "TypeNominal",
                "name": "StepInfo",
                "printedName": "MobileWorkflowCore.StepInfo",
                "usr": "s:18MobileWorkflowCore8StepInfoV"
              },
              {
                "kind": "TypeNominal",
                "name": "StepServices",
                "printedName": "MobileWorkflowCore.StepServices",
                "usr": "s:18MobileWorkflowCore12StepServicesC"
              }
            ],
            "declKind": "Func",
            "usr": "s:19MWRFIDScannerPlugin0A12RFIDScanStepC5build8stepInfo8services18MobileWorkflowCore0D0_pAG0dG0V_AG0D8ServicesCtKFZ",
            "mangledName": "$s19MWRFIDScannerPlugin0A12RFIDScanStepC5build8stepInfo8services18MobileWorkflowCore0D0_pAG0dG0V_AG0D8ServicesCtKFZ",
            "moduleName": "MWRFIDScannerPlugin",
            "static": true,
            "declAttributes": [
              "Final",
              "AccessControl"
            ],
            "isFromExtension": true,
            "throwing": true,
            "funcSelfKind": "NonMutating"
          }
        ],
        "declKind": "Class",
        "usr": "s:19MWRFIDScannerPlugin0A12RFIDScanStepC",
        "mangledName": "$s19MWRFIDScannerPlugin0A12RFIDScanStepC",
        "moduleName": "MWRFIDScannerPlugin",
        "declAttributes": [
          "AccessControl"
        ],
        "superclassUsr": "s:18MobileWorkflowCore6MWStepC",
        "hasMissingDesignatedInitializers": true,
        "superclassNames": [
          "MobileWorkflowCore.MWStep"
        ],
        "conformances": [
          {
            "kind": "Conformance",
            "name": "InstructionStep",
            "printedName": "InstructionStep",
            "usr": "s:18MobileWorkflowCore15InstructionStepP",
            "mangledName": "$s18MobileWorkflowCore15InstructionStepP"
          },
          {
            "kind": "Conformance",
            "name": "Step",
            "printedName": "Step",
            "usr": "s:18MobileWorkflowCore4StepP",
            "mangledName": "$s18MobileWorkflowCore4StepP"
          },
          {
            "kind": "Conformance",
            "name": "BuildableStep",
            "printedName": "BuildableStep",
            "usr": "s:18MobileWorkflowCore13BuildableStepP",
            "mangledName": "$s18MobileWorkflowCore13BuildableStepP"
          }
        ]
      },
      {
        "kind": "TypeDecl",
        "name": "RFIDScannerRfidScanMetadata",
        "printedName": "RFIDScannerRfidScanMetadata",
        "children": [
          {
            "kind": "Constructor",
            "name": "init",
            "printedName": "init(from:)",
            "children": [
              {
                "kind": "TypeNominal",
                "name": "RFIDScannerRfidScanMetadata",
                "printedName": "MWRFIDScannerPlugin.RFIDScannerRfidScanMetadata",
                "usr": "s:19MWRFIDScannerPlugin27RFIDScannerRfidScanMetadataC"
              },
              {
                "kind": "TypeNominal",
                "name": "Decoder",
                "printedName": "Swift.Decoder",
                "usr": "s:s7DecoderP"
              }
            ],
            "declKind": "Constructor",
            "usr": "s:19MWRFIDScannerPlugin27RFIDScannerRfidScanMetadataC4fromACs7Decoder_p_tKcfc",
            "mangledName": "$s19MWRFIDScannerPlugin27RFIDScannerRfidScanMetadataC4fromACs7Decoder_p_tKcfc",
            "moduleName": "MWRFIDScannerPlugin",
            "overriding": true,
            "declAttributes": [
              "Required",
              "AccessControl"
            ],
            "throwing": true,
            "init_kind": "Designated"
          },
          {
            "kind": "Function",
            "name": "encode",
            "printedName": "encode(to:)",
            "children": [
              {
                "kind": "TypeNominal",
                "name": "Void",
                "printedName": "()"
              },
              {
                "kind": "TypeNominal",
                "name": "Encoder",
                "printedName": "Swift.Encoder",
                "usr": "s:s7EncoderP"
              }
            ],
            "declKind": "Func",
            "usr": "s:19MWRFIDScannerPlugin27RFIDScannerRfidScanMetadataC6encode2toys7Encoder_p_tKF",
            "mangledName": "$s19MWRFIDScannerPlugin27RFIDScannerRfidScanMetadataC6encode2toys7Encoder_p_tKF",
            "moduleName": "MWRFIDScannerPlugin",
            "overriding": true,
            "declAttributes": [
              "Override",
              "AccessControl"
            ],
            "throwing": true,
            "funcSelfKind": "NonMutating"
          },
          {
            "kind": "Constructor",
            "name": "init",
            "printedName": "init(id:type:title:next:links:)",
            "children": [
              {
                "kind": "TypeNominal",
                "name": "RFIDScannerRfidScanMetadata",
                "printedName": "MWRFIDScannerPlugin.RFIDScannerRfidScanMetadata",
                "usr": "s:19MWRFIDScannerPlugin27RFIDScannerRfidScanMetadataC"
              },
              {
                "kind": "TypeNominal",
                "name": "String",
                "printedName": "Swift.String",
                "usr": "s:SS"
              },
              {
                "kind": "TypeNominal",
                "name": "String",
                "printedName": "Swift.String",
                "usr": "s:SS"
              },
              {
                "kind": "TypeNominal",
                "name": "String",
                "printedName": "Swift.String",
                "usr": "s:SS"
              },
              {
                "kind": "TypeNominal",
                "name": "Optional",
                "printedName": "MobileWorkflowCore.PushLinkMetadata?",
                "children": [
                  {
                    "kind": "TypeNominal",
                    "name": "PushLinkMetadata",
                    "printedName": "MobileWorkflowCore.PushLinkMetadata",
                    "usr": "s:18MobileWorkflowCore16PushLinkMetadataC"
                  }
                ],
                "hasDefaultArg": true,
                "usr": "s:Sq"
              },
              {
                "kind": "TypeNominal",
                "name": "Array",
                "printedName": "[MobileWorkflowCore.LinkMetadata]",
                "children": [
                  {
                    "kind": "TypeNominal",
                    "name": "LinkMetadata",
                    "printedName": "MobileWorkflowCore.LinkMetadata",
                    "usr": "s:18MobileWorkflowCore12LinkMetadataC"
                  }
                ],
                "hasDefaultArg": true,
                "usr": "s:Sa"
              }
            ],
            "declKind": "Constructor",
            "usr": "s:19MWRFIDScannerPlugin27RFIDScannerRfidScanMetadataC2id4type5title4next5linksACSS_S2S18MobileWorkflowCore08PushLinkF0CSgSayAI0pF0CGtcfc",
            "mangledName": "$s19MWRFIDScannerPlugin27RFIDScannerRfidScanMetadataC2id4type5title4next5linksACSS_S2S18MobileWorkflowCore08PushLinkF0CSgSayAI0pF0CGtcfc",
            "moduleName": "MWRFIDScannerPlugin",
            "overriding": true,
            "implicit": true,
            "declAttributes": [
              "Override"
            ],
            "init_kind": "Designated"
          }
        ],
        "declKind": "Class",
        "usr": "s:19MWRFIDScannerPlugin27RFIDScannerRfidScanMetadataC",
        "mangledName": "$s19MWRFIDScannerPlugin27RFIDScannerRfidScanMetadataC",
        "moduleName": "MWRFIDScannerPlugin",
        "declAttributes": [
          "AccessControl"
        ],
        "superclassUsr": "s:18MobileWorkflowCore12StepMetadataC",
        "hasMissingDesignatedInitializers": true,
        "superclassNames": [
          "MobileWorkflowCore.StepMetadata"
        ],
        "conformances": [
          {
            "kind": "Conformance",
            "name": "Decodable",
            "printedName": "Decodable",
            "usr": "s:Se",
            "mangledName": "$sSe"
          },
          {
            "kind": "Conformance",
            "name": "Encodable",
            "printedName": "Encodable",
            "usr": "s:SE",
            "mangledName": "$sSE"
          }
        ]
      },
      {
        "kind": "Import",
        "name": "Foundation",
        "printedName": "Foundation",
        "declKind": "Import",
        "moduleName": "MWRFIDScannerPlugin",
        "declAttributes": [
          "RawDocComment"
        ]
      },
      {
        "kind": "Import",
        "name": "MobileWorkflowCore",
        "printedName": "MobileWorkflowCore",
        "declKind": "Import",
        "moduleName": "MWRFIDScannerPlugin"
      },
      {
        "kind": "TypeDecl",
        "name": "MWRFIDScannerPluginStruct",
        "printedName": "MWRFIDScannerPluginStruct",
        "children": [
          {
            "kind": "Var",
            "name": "allStepsTypes",
            "printedName": "allStepsTypes",
            "children": [
              {
                "kind": "TypeNominal",
                "name": "Array",
                "printedName": "[MobileWorkflowCore.StepType]",
                "children": [
                  {
                    "kind": "TypeNominal",
                    "name": "StepType",
                    "printedName": "MobileWorkflowCore.StepType",
                    "usr": "s:18MobileWorkflowCore8StepTypeP"
                  }
                ],
                "usr": "s:Sa"
              }
            ],
            "declKind": "Var",
            "usr": "s:19MWRFIDScannerPlugin0aB6StructV13allStepsTypesSay18MobileWorkflowCore8StepType_pGvpZ",
            "mangledName": "$s19MWRFIDScannerPlugin0aB6StructV13allStepsTypesSay18MobileWorkflowCore8StepType_pGvpZ",
            "moduleName": "MWRFIDScannerPlugin",
            "static": true,
            "declAttributes": [
              "AccessControl"
            ],
            "accessors": [
              {
                "kind": "Accessor",
                "name": "Get",
                "printedName": "Get()",
                "children": [
                  {
                    "kind": "TypeNominal",
                    "name": "Array",
                    "printedName": "[MobileWorkflowCore.StepType]",
                    "children": [
                      {
                        "kind": "TypeNominal",
                        "name": "StepType",
                        "printedName": "MobileWorkflowCore.StepType",
                        "usr": "s:18MobileWorkflowCore8StepTypeP"
                      }
                    ],
                    "usr": "s:Sa"
                  }
                ],
                "declKind": "Accessor",
                "usr": "s:19MWRFIDScannerPlugin0aB6StructV13allStepsTypesSay18MobileWorkflowCore8StepType_pGvgZ",
                "mangledName": "$s19MWRFIDScannerPlugin0aB6StructV13allStepsTypesSay18MobileWorkflowCore8StepType_pGvgZ",
                "moduleName": "MWRFIDScannerPlugin",
                "static": true,
                "accessorKind": "get"
              }
            ]
          }
        ],
        "declKind": "Struct",
        "usr": "s:19MWRFIDScannerPlugin0aB6StructV",
        "mangledName": "$s19MWRFIDScannerPlugin0aB6StructV",
        "moduleName": "MWRFIDScannerPlugin",
        "declAttributes": [
          "AccessControl"
        ],
        "conformances": [
          {
            "kind": "Conformance",
            "name": "Plugin",
            "printedName": "Plugin",
            "usr": "s:18MobileWorkflowCore6PluginP",
            "mangledName": "$s18MobileWorkflowCore6PluginP"
          }
        ]
      },
      {
        "kind": "Import",
        "name": "Foundation",
        "printedName": "Foundation",
        "declKind": "Import",
        "moduleName": "MWRFIDScannerPlugin",
        "declAttributes": [
          "RawDocComment"
        ]
      },
      {
        "kind": "TypeDecl",
        "name": "StepMetadata",
        "printedName": "StepMetadata",
        "children": [
          {
            "kind": "Function",
            "name": "rFIDScannerRfidScan",
            "printedName": "rFIDScannerRfidScan(id:title:infoMessage:next:links:)",
            "children": [
              {
                "kind": "TypeNominal",
                "name": "RFIDScannerRfidScanMetadata",
                "printedName": "MWRFIDScannerPlugin.RFIDScannerRfidScanMetadata",
                "usr": "s:19MWRFIDScannerPlugin27RFIDScannerRfidScanMetadataC"
              },
              {
                "kind": "TypeNominal",
                "name": "String",
                "printedName": "Swift.String",
                "usr": "s:SS"
              },
              {
                "kind": "TypeNominal",
                "name": "String",
                "printedName": "Swift.String",
                "usr": "s:SS"
              },
              {
                "kind": "TypeNominal",
                "name": "Optional",
                "printedName": "Swift.String?",
                "children": [
                  {
                    "kind": "TypeNominal",
                    "name": "String",
                    "printedName": "Swift.String",
                    "usr": "s:SS"
                  }
                ],
                "hasDefaultArg": true,
                "usr": "s:Sq"
              },
              {
                "kind": "TypeNominal",
                "name": "Optional",
                "printedName": "MobileWorkflowCore.PushLinkMetadata?",
                "children": [
                  {
                    "kind": "TypeNominal",
                    "name": "PushLinkMetadata",
                    "printedName": "MobileWorkflowCore.PushLinkMetadata",
                    "usr": "s:18MobileWorkflowCore16PushLinkMetadataC"
                  }
                ],
                "hasDefaultArg": true,
                "usr": "s:Sq"
              },
              {
                "kind": "TypeNominal",
                "name": "Array",
                "printedName": "[MobileWorkflowCore.LinkMetadata]",
                "children": [
                  {
                    "kind": "TypeNominal",
                    "name": "LinkMetadata",
                    "printedName": "MobileWorkflowCore.LinkMetadata",
                    "usr": "s:18MobileWorkflowCore12LinkMetadataC"
                  }
                ],
                "hasDefaultArg": true,
                "usr": "s:Sa"
              }
            ],
            "declKind": "Func",
            "usr": "s:18MobileWorkflowCore12StepMetadataC19MWRFIDScannerPluginE19rFIDScannerRfidScan2id5title11infoMessage4next5linksAD011RFIDScannerijE0CSS_S2SSgAA08PushLinkE0CSgSayAA0sE0CGtFZ",
            "mangledName": "$s18MobileWorkflowCore12StepMetadataC19MWRFIDScannerPluginE19rFIDScannerRfidScan2id5title11infoMessage4next5linksAD011RFIDScannerijE0CSS_S2SSgAA08PushLinkE0CSgSayAA0sE0CGtFZ",
            "moduleName": "MWRFIDScannerPlugin",
            "static": true,
            "declAttributes": [
              "Final"
            ],
            "isFromExtension": true,
            "funcSelfKind": "NonMutating"
          }
        ],
        "declKind": "Class",
        "usr": "s:18MobileWorkflowCore12StepMetadataC",
        "mangledName": "$s18MobileWorkflowCore12StepMetadataC",
        "moduleName": "MobileWorkflowCore",
        "isOpen": true,
        "isExternal": true,
        "conformances": [
          {
            "kind": "Conformance",
            "name": "Decodable",
            "printedName": "Decodable",
            "usr": "s:Se",
            "mangledName": "$sSe"
          },
          {
            "kind": "Conformance",
            "name": "Encodable",
            "printedName": "Encodable",
            "usr": "s:SE",
            "mangledName": "$sSE"
          }
        ]
      }
    ],
    "json_format_version": 8
  },
  "ConstValues": [
    {
      "filePath": "\/Users\/vagrant\/git\/project\/MWRFIDScannerPlugin\/MWRFIDScannerPlugin\/MWRFIDScanner\/MWRFIDScannerRFIDScanStepResult.swift",
      "kind": "StringLiteral",
      "offset": 208,
      "length": 18,
      "value": "\"singleTextRecord\""
    },
    {
      "filePath": "\/Users\/vagrant\/git\/project\/MWRFIDScannerPlugin\/MWRFIDScannerPlugin\/MWRFIDScanner\/MWRFIDScannerRFIDScanStepResult.swift",
      "kind": "StringLiteral",
      "offset": 276,
      "length": 15,
      "value": "\"extractedData\""
    },
    {
      "filePath": "\/Users\/vagrant\/git\/project\/MWRFIDScannerPlugin\/MWRFIDScannerPlugin\/MWRFIDScanner\/MWRFIDScannerRFIDScanStepResult.swift",
      "kind": "StringLiteral",
      "offset": 317,
      "length": 7,
      "value": "\"files\""
    },
    {
      "filePath": "\/Users\/vagrant\/git\/project\/MWRFIDScannerPlugin\/MWRFIDScannerPlugin\/MWRFIDScanner\/MWRFIDScannerRFIDScanStepViewController.swift",
      "kind": "StringLiteral",
      "offset": 1423,
      "length": 2,
      "value": "\"\""
    },
    {
      "filePath": "\/Users\/vagrant\/git\/project\/MWRFIDScannerPlugin\/MWRFIDScannerPlugin\/MWRFIDScanner\/MWRFIDScannerRFIDScanStepViewController.swift",
      "kind": "StringLiteral",
      "offset": 1492,
      "length": 2,
      "value": "\"\""
    },
    {
      "filePath": "\/Users\/vagrant\/git\/project\/MWRFIDScannerPlugin\/MWRFIDScannerPlugin\/MWRFIDScanner\/MWRFIDScannerRFIDScanStepViewController.swift",
      "kind": "BooleanLiteral",
      "offset": 1870,
      "length": 4,
      "value": "true"
    },
    {
      "filePath": "\/Users\/vagrant\/git\/project\/MWRFIDScannerPlugin\/MWRFIDScannerPlugin\/MWRFIDScanner\/MWRFIDScannerRFIDScanStepViewController.swift",
      "kind": "BooleanLiteral",
      "offset": 2141,
      "length": 5,
      "value": "false"
    },
    {
      "filePath": "\/Users\/vagrant\/git\/project\/MWRFIDScannerPlugin\/MWRFIDScannerPlugin\/MWRFIDScanner\/MWRFIDScannerRFIDScanStepViewController.swift",
      "kind": "StringLiteral",
      "offset": 2266,
      "length": 25,
      "value": "\"Scanned: \""
    },
    {
      "filePath": "\/Users\/vagrant\/git\/project\/MWRFIDScannerPlugin\/MWRFIDScannerPlugin\/MWRFIDScanner\/MWRFIDScannerRFIDScanStepViewController.swift",
      "kind": "StringLiteral",
      "offset": 2290,
      "length": 2,
      "value": "\"\""
    },
    {
      "filePath": "\/Users\/vagrant\/git\/project\/MWRFIDScannerPlugin\/MWRFIDScannerPlugin\/MWRFIDScanner\/MWRFIDScannerRFIDScanStepViewController.swift",
      "kind": "StringLiteral",
      "offset": 2432,
      "length": 18,
      "value": "\"ERROR_EMPTY_SCAN\""
    },
    {
      "filePath": "\/Users\/vagrant\/git\/project\/MWRFIDScannerPlugin\/MWRFIDScannerPlugin\/MWRFIDScanner\/MWRFIDScannerRFIDScanStepViewController.swift",
      "kind": "BooleanLiteral",
      "offset": 2838,
      "length": 5,
      "value": "false"
    },
    {
      "filePath": "\/Users\/vagrant\/git\/project\/MWRFIDScannerPlugin\/MWRFIDScannerPlugin\/MWRFIDScanner\/MWRFIDScannerRFIDScanStepViewController.swift",
      "kind": "BooleanLiteral",
      "offset": 3124,
      "length": 5,
      "value": "false"
    },
    {
      "filePath": "\/Users\/vagrant\/git\/project\/MWRFIDScannerPlugin\/MWRFIDScannerPlugin\/MWRFIDScanner\/MWRFIDScannerRFIDScanStepViewController.swift",
      "kind": "BooleanLiteral",
      "offset": 3771,
      "length": 5,
      "value": "false"
    },
    {
      "filePath": "\/Users\/vagrant\/git\/project\/MWRFIDScannerPlugin\/MWRFIDScannerPlugin\/MWRFIDScanner\/MWRFIDScannerRFIDScanStepViewController.swift",
      "kind": "BooleanLiteral",
      "offset": 4384,
      "length": 4,
      "value": "true"
    },
    {
      "filePath": "\/Users\/vagrant\/git\/project\/MWRFIDScannerPlugin\/MWRFIDScannerPlugin\/MWRFIDScanner\/MWRFIDScannerRFIDScanStep.swift",
      "kind": "StringLiteral",
      "offset": 584,
      "length": 13,
      "value": "\"infoMessage\""
    },
    {
      "filePath": "\/Users\/vagrant\/git\/project\/MWRFIDScannerPlugin\/MWRFIDScannerPlugin\/MWRFIDScanner\/MWRFIDScannerRFIDScanStep.swift",
      "kind": "StringLiteral",
      "offset": 737,
      "length": 39,
      "value": "\"init(coder:) has not been implemented\""
    },
    {
      "filePath": "\/Users\/vagrant\/git\/project\/MWRFIDScannerPlugin\/MWRFIDScannerPlugin\/MWRFIDScanner\/MWRFIDScannerRFIDScanStep.swift",
      "kind": "StringLiteral",
      "offset": 141,
      "length": 25,
      "value": "\"MWRFIDScannerPlugin.MWRFIDScannerRFIDScanStep\""
    },
    {
      "filePath": "\/Users\/vagrant\/git\/project\/MWRFIDScannerPlugin\/MWRFIDScannerPlugin\/MWRFIDScanner\/MWRFIDScannerRFIDScanStep.swift",
      "kind": "StringLiteral",
      "offset": 141,
      "length": 25,
      "value": "\"MWRFIDScannerPlugin.MWRFIDScannerRFIDScanStep\""
    },
    {
      "filePath": "\/Users\/vagrant\/git\/project\/MWRFIDScannerPlugin\/MWRFIDScannerPlugin\/MWRFIDScanner\/MWRFIDScannerRFIDScanStep.swift",
      "kind": "Array",
      "offset": 1056,
      "length": 2,
      "value": "[]"
    },
    {
      "filePath": "\/Users\/vagrant\/git\/project\/MWRFIDScannerPlugin\/MWRFIDScannerPlugin\/MWRFIDScanner\/MWRFIDScannerRFIDScanStep.swift",
      "kind": "StringLiteral",
      "offset": 1789,
      "length": 46,
      "value": "\"io.mobileworkflow.RFIDScannerPlugin.RFIDScan\""
    },
    {
      "filePath": "\/Users\/vagrant\/git\/project\/MWRFIDScannerPlugin\/MWRFIDScannerPlugin\/MWRFIDScanner\/MWRFIDScannerRFIDScanStep.swift",
      "kind": "StringLiteral",
      "offset": 1462,
      "length": 27,
      "value": "\"MWRFIDScannerPlugin.RFIDScannerRfidScanMetadata\""
    },
    {
      "filePath": "\/Users\/vagrant\/git\/project\/MWRFIDScannerPlugin\/MWRFIDScannerPlugin\/MWRFIDScanner\/MWRFIDScannerRFIDScanStep.swift",
      "kind": "Array",
      "offset": 2591,
      "length": 2,
      "value": "[]"
    },
    {
      "filePath": "\/Users\/vagrant\/git\/project\/MWRFIDScannerPlugin\/MWRFIDScannerPlugin\/MWRFIDScannerPluginStruct.swift",
      "kind": "StringLiteral",
      "offset": 182,
      "length": 3,
      "value": "\" \""
    },
    {
      "filePath": "\/Users\/vagrant\/git\/project\/MWRFIDScannerPlugin\/MWRFIDScannerPlugin\/MWRFIDScannerPluginStruct.swift",
      "kind": "StringLiteral",
      "offset": 208,
      "length": 4,
      "value": "\"\n\""
    },
    {
      "filePath": "\/Users\/vagrant\/git\/project\/MWRFIDScannerPlugin\/MWRFIDScannerPlugin\/MWRFIDScannerPluginStruct.swift",
      "kind": "StringLiteral",
      "offset": 270,
      "length": 3,
      "value": "\" \""
    },
    {
      "filePath": "\/Users\/vagrant\/git\/project\/MWRFIDScannerPlugin\/MWRFIDScannerPlugin\/MWRFIDScannerPluginStruct.swift",
      "kind": "StringLiteral",
      "offset": 296,
      "length": 4,
      "value": "\"\n\""
    },
    {
      "filePath": "\/Users\/vagrant\/git\/project\/MWRFIDScannerPlugin\/MWRFIDScannerPlugin\/MWRFIDScannerPluginStruct.swift",
      "kind": "StringLiteral",
      "offset": 550,
      "length": 46,
      "value": "\"io.mobileworkflow.RFIDScannerPlugin.RFIDScan\""
    },
    {
      "filePath": "\/Users\/vagrant\/git\/project\/MWRFIDScannerPlugin\/MWRFIDScannerPlugin\/MWRFIDScannerPluginStruct.swift",
      "kind": "StringLiteral",
      "offset": 550,
      "length": 46,
      "value": "\"io.mobileworkflow.RFIDScannerPlugin.RFIDScan\""
    },
    {
      "filePath": "\/Users\/vagrant\/git\/project\/MWRFIDScannerPlugin\/MWRFIDScannerPlugin\/Extensions\/String+Extension.swift",
      "kind": "StringLiteral",
      "offset": 182,
      "length": 4,
      "value": "\"Ok\""
    },
    {
      "filePath": "\/Users\/vagrant\/git\/project\/MWRFIDScannerPlugin\/MWRFIDScannerPlugin\/Extensions\/String+Extension.swift",
      "kind": "StringLiteral",
      "offset": 227,
      "length": 8,
      "value": "\"Cancel\""
    },
    {
      "filePath": "\/Users\/vagrant\/git\/project\/MWRFIDScannerPlugin\/MWRFIDScannerPlugin\/Extensions\/String+Extension.swift",
      "kind": "StringLiteral",
      "offset": 275,
      "length": 7,
      "value": "\"Retry\""
    },
    {
      "filePath": "\/Users\/vagrant\/git\/project\/MWRFIDScannerPlugin\/MWRFIDScannerPlugin\/Extensions\/String+Extension.swift",
      "kind": "StringLiteral",
      "offset": 334,
      "length": 6,
      "value": "\"Scan\""
    },
    {
      "filePath": "\/Users\/vagrant\/git\/project\/MWRFIDScannerPlugin\/MWRFIDScannerPlugin\/Extensions\/String+Extension.swift",
      "kind": "StringLiteral",
      "offset": 401,
      "length": 16,
      "value": "\"Error scanning\""
    },
    {
      "filePath": "\/Users\/vagrant\/git\/project\/MWRFIDScannerPlugin\/MWRFIDScannerPlugin\/Extensions\/String+Extension.swift",
      "kind": "StringLiteral",
      "offset": 480,
      "length": 78,
      "value": "\"There was an error scanning. would you like to try again or cancel Scanning?\""
    },
    {
      "filePath": "\/Users\/vagrant\/git\/project\/MWRFIDScannerPlugin\/MWRFIDScannerPlugin\/Extensions\/String+Extension.swift",
      "kind": "StringLiteral",
      "offset": 621,
      "length": 66,
      "value": "\"Hold the upper part of your iPhone near the NFC item to scan it.\""
    },
    {
      "filePath": "\/Users\/vagrant\/git\/project\/MWRFIDScannerPlugin\/MWRFIDScannerPlugin\/Extensions\/String+Extension.swift",
      "kind": "StringLiteral",
      "offset": 760,
      "length": 24,
      "value": "\"Scanning Not Supported\""
    },
    {
      "filePath": "\/Users\/vagrant\/git\/project\/MWRFIDScannerPlugin\/MWRFIDScannerPlugin\/Extensions\/String+Extension.swift",
      "kind": "StringLiteral",
      "offset": 859,
      "length": 43,
      "value": "\"This device doesn't support tag scanning.\""
    },
    {
      "filePath": "\/Users\/vagrant\/git\/project\/MWRFIDScannerPlugin\/MWRFIDScannerPlugin\/Extensions\/String+Extension.swift",
      "kind": "StringLiteral",
      "offset": 968,
      "length": 12,
      "value": "\"No content\""
    },
    {
      "filePath": "\/Users\/vagrant\/git\/project\/MWRFIDScannerPlugin\/MWRFIDScannerPlugin\/Extensions\/String+Extension.swift",
      "kind": "StringLiteral",
      "offset": 1048,
      "length": 115,
      "value": "\"No content was detected in your scan, or an unsupported type was scanned. Only Text tags can be scanned currently\""
    },
    {
      "filePath": "\/Users\/vagrant\/git\/project\/MWRFIDScannerPlugin\/MWRFIDScannerPlugin\/Extensions\/String+Extension.swift",
      "kind": "StringLiteral",
      "offset": 1324,
      "length": 2,
      "value": "\"\""
    },
    {
      "filePath": "\/Users\/vagrant\/git\/project\/MWRFIDScannerPlugin\/MWRFIDScannerPlugin\/Extensions\/String+Extension.swift",
      "kind": "StringLiteral",
      "offset": 1383,
      "length": 35,
      "value": "\"MWRFIDScannerPlugin+Localizations\""
    }
  ]
}