{
  "ABIRoot": {
    "kind": "Root",
    "name": "TopLevel",
    "printedName": "TopLevel",
    "children": [
      {
        "kind": "Import",
        "name": "Foundation",
        "printedName": "Foundation",
        "declKind": "Import",
        "moduleName": "UserDefaultsPlugin",
        "declAttributes": [
          "RawDocComment"
        ]
      },
      {
        "kind": "Import",
        "name": "MobileWorkflowCore",
        "printedName": "MobileWorkflowCore",
        "declKind": "Import",
        "moduleName": "UserDefaultsPlugin"
      },
      {
        "kind": "Import",
        "name": "SwiftUI",
        "printedName": "SwiftUI",
        "declKind": "Import",
        "moduleName": "UserDefaultsPlugin"
      },
      {
        "kind": "TypeDecl",
        "name": "LoadDefaultStep",
        "printedName": "LoadDefaultStep",
        "children": [
          {
            "kind": "Constructor",
            "name": "init",
            "printedName": "init(identifier:session:services:key:)",
            "children": [
              {
                "kind": "TypeNominal",
                "name": "LoadDefaultStep",
                "printedName": "UserDefaultsPlugin.LoadDefaultStep",
                "usr": "s:18UserDefaultsPlugin15LoadDefaultStepC"
              },
              {
                "kind": "TypeNominal",
                "name": "String",
                "printedName": "Swift.String",
                "usr": "s:SS"
              },
              {
                "kind": "TypeNominal",
                "name": "Session",
                "printedName": "MobileWorkflowCore.Session",
                "usr": "s:18MobileWorkflowCore7SessionC"
              },
              {
                "kind": "TypeNominal",
                "name": "StepServices",
                "printedName": "MobileWorkflowCore.StepServices",
                "usr": "s:18MobileWorkflowCore12StepServicesC"
              },
              {
                "kind": "TypeNominal",
                "name": "String",
                "printedName": "Swift.String",
                "usr": "s:SS"
              }
            ],
            "declKind": "Constructor",
            "usr": "s:18UserDefaultsPlugin15LoadDefaultStepC10identifier7session8services3keyACSS_18MobileWorkflowCore7SessionCAH0F8ServicesCSStcfc",
            "mangledName": "$s18UserDefaultsPlugin15LoadDefaultStepC10identifier7session8services3keyACSS_18MobileWorkflowCore7SessionCAH0F8ServicesCSStcfc",
            "moduleName": "UserDefaultsPlugin",
            "declAttributes": [
              "AccessControl"
            ],
            "init_kind": "Designated"
          },
          {
            "kind": "Function",
            "name": "instantiateViewController",
            "printedName": "instantiateViewController()",
            "children": [
              {
                "kind": "TypeNominal",
                "name": "StepViewController",
                "printedName": "MobileWorkflowCore.StepViewController",
                "usr": "s:18MobileWorkflowCore18StepViewControllerP"
              }
            ],
            "declKind": "Func",
            "usr": "s:18UserDefaultsPlugin15LoadDefaultStepC25instantiateViewController18MobileWorkflowCore0fhI0_pyF",
            "mangledName": "$s18UserDefaultsPlugin15LoadDefaultStepC25instantiateViewController18MobileWorkflowCore0fhI0_pyF",
            "moduleName": "UserDefaultsPlugin",
            "overriding": true,
            "declAttributes": [
              "Override",
              "AccessControl"
            ],
            "funcSelfKind": "NonMutating"
          },
          {
            "kind": "Constructor",
            "name": "init",
            "printedName": "init(identifier:session:services:)",
            "children": [
              {
                "kind": "TypeNominal",
                "name": "LoadDefaultStep",
                "printedName": "UserDefaultsPlugin.LoadDefaultStep",
                "usr": "s:18UserDefaultsPlugin15LoadDefaultStepC"
              },
              {
                "kind": "TypeNominal",
                "name": "String",
                "printedName": "Swift.String",
                "usr": "s:SS"
              },
              {
                "kind": "TypeNominal",
                "name": "Session",
                "printedName": "MobileWorkflowCore.Session",
                "usr": "s:18MobileWorkflowCore7SessionC"
              },
              {
                "kind": "TypeNominal",
                "name": "StepServices",
                "printedName": "MobileWorkflowCore.StepServices",
                "usr": "s:18MobileWorkflowCore12StepServicesC"
              }
            ],
            "declKind": "Constructor",
            "usr": "s:18UserDefaultsPlugin15LoadDefaultStepC10identifier7session8servicesACSS_18MobileWorkflowCore7SessionCAG0F8ServicesCtcfc",
            "mangledName": "$s18UserDefaultsPlugin15LoadDefaultStepC10identifier7session8servicesACSS_18MobileWorkflowCore7SessionCAG0F8ServicesCtcfc",
            "moduleName": "UserDefaultsPlugin",
            "overriding": true,
            "implicit": true,
            "declAttributes": [
              "Override"
            ],
            "init_kind": "Designated"
          },
          {
            "kind": "Var",
            "name": "mandatoryCodingPaths",
            "printedName": "mandatoryCodingPaths",
            "children": [
              {
                "kind": "TypeNominal",
                "name": "Array",
                "printedName": "[Swift.CodingKey]",
                "children": [
                  {
                    "kind": "TypeNominal",
                    "name": "CodingKey",
                    "printedName": "Swift.CodingKey",
                    "usr": "s:s9CodingKeyP"
                  }
                ],
                "usr": "s:Sa"
              }
            ],
            "declKind": "Var",
            "usr": "s:18UserDefaultsPlugin15LoadDefaultStepC20mandatoryCodingPathsSays0H3Key_pGvpZ",
            "mangledName": "$s18UserDefaultsPlugin15LoadDefaultStepC20mandatoryCodingPathsSays0H3Key_pGvpZ",
            "moduleName": "UserDefaultsPlugin",
            "static": true,
            "declAttributes": [
              "Final",
              "AccessControl"
            ],
            "isFromExtension": true,
            "accessors": [
              {
                "kind": "Accessor",
                "name": "Get",
                "printedName": "Get()",
                "children": [
                  {
                    "kind": "TypeNominal",
                    "name": "Array",
                    "printedName": "[Swift.CodingKey]",
                    "children": [
                      {
                        "kind": "TypeNominal",
                        "name": "CodingKey",
                        "printedName": "Swift.CodingKey",
                        "usr": "s:s9CodingKeyP"
                      }
                    ],
                    "usr": "s:Sa"
                  }
                ],
                "declKind": "Accessor",
                "usr": "s:18UserDefaultsPlugin15LoadDefaultStepC20mandatoryCodingPathsSays0H3Key_pGvgZ",
                "mangledName": "$s18UserDefaultsPlugin15LoadDefaultStepC20mandatoryCodingPathsSays0H3Key_pGvgZ",
                "moduleName": "UserDefaultsPlugin",
                "static": true,
                "declAttributes": [
                  "Final"
                ],
                "isFromExtension": true,
                "accessorKind": "get"
              }
            ]
          },
          {
            "kind": "Function",
            "name": "build",
            "printedName": "build(stepInfo:services:)",
            "children": [
              {
                "kind": "TypeNominal",
                "name": "Step",
                "printedName": "MobileWorkflowCore.Step",
                "usr": "s:18MobileWorkflowCore4StepP"
              },
              {
                "kind": "TypeNominal",
                "name": "StepInfo",
                "printedName": "MobileWorkflowCore.StepInfo",
                "usr": "s:18MobileWorkflowCore8StepInfoV"
              },
              {
                "kind": "TypeNominal",
                "name": "StepServices",
                "printedName": "MobileWorkflowCore.StepServices",
                "usr": "s:18MobileWorkflowCore12StepServicesC"
              }
            ],
            "declKind": "Func",
            "usr": "s:18UserDefaultsPlugin15LoadDefaultStepC5build8stepInfo8services18MobileWorkflowCore0F0_pAG0fI0V_AG0F8ServicesCtKFZ",
            "mangledName": "$s18UserDefaultsPlugin15LoadDefaultStepC5build8stepInfo8services18MobileWorkflowCore0F0_pAG0fI0V_AG0F8ServicesCtKFZ",
            "moduleName": "UserDefaultsPlugin",
            "static": true,
            "declAttributes": [
              "Final",
              "AccessControl"
            ],
            "isFromExtension": true,
            "throwing": true,
            "funcSelfKind": "NonMutating"
          }
        ],
        "declKind": "Class",
        "usr": "s:18UserDefaultsPlugin15LoadDefaultStepC",
        "mangledName": "$s18UserDefaultsPlugin15LoadDefaultStepC",
        "moduleName": "UserDefaultsPlugin",
        "declAttributes": [
          "AccessControl"
        ],
        "superclassUsr": "s:18MobileWorkflowCore14ObservableStepC",
        "superclassNames": [
          "MobileWorkflowCore.ObservableStep",
          "MobileWorkflowCore.MWStep"
        ],
        "conformances": [
          {
            "kind": "Conformance",
            "name": "BuildableStep",
            "printedName": "BuildableStep",
            "usr": "s:18MobileWorkflowCore13BuildableStepP",
            "mangledName": "$s18MobileWorkflowCore13BuildableStepP"
          },
          {
            "kind": "Conformance",
            "name": "StepViewModel",
            "printedName": "StepViewModel",
            "usr": "s:18MobileWorkflowCore13StepViewModelP",
            "mangledName": "$s18MobileWorkflowCore13StepViewModelP"
          },
          {
            "kind": "Conformance",
            "name": "ObservableObject",
            "printedName": "ObservableObject",
            "children": [
              {
                "kind": "TypeWitness",
                "name": "ObjectWillChangePublisher",
                "printedName": "ObjectWillChangePublisher",
                "children": [
                  {
                    "kind": "TypeNominal",
                    "name": "ObservableObjectPublisher",
                    "printedName": "Combine.ObservableObjectPublisher",
                    "usr": "s:7Combine25ObservableObjectPublisherC"
                  }
                ]
              }
            ],
            "usr": "s:7Combine16ObservableObjectP",
            "mangledName": "$s7Combine16ObservableObjectP"
          },
          {
            "kind": "Conformance",
            "name": "Step",
            "printedName": "Step",
            "usr": "s:18MobileWorkflowCore4StepP",
            "mangledName": "$s18MobileWorkflowCore4StepP"
          }
        ]
      },
      {
        "kind": "TypeDecl",
        "name": "LoadDefaultStepViewController",
        "printedName": "LoadDefaultStepViewController",
        "children": [
          {
            "kind": "Var",
            "name": "titleMode",
            "printedName": "titleMode",
            "children": [
              {
                "kind": "TypeNominal",
                "name": "StepViewControllerTitleMode",
                "printedName": "MobileWorkflowCore.StepViewControllerTitleMode",
                "usr": "s:18MobileWorkflowCore27StepViewControllerTitleModeO"
              }
            ],
            "declKind": "Var",
            "usr": "s:18UserDefaultsPlugin29LoadDefaultStepViewControllerC9titleMode18MobileWorkflowCore0fgh5TitleJ0Ovp",
            "mangledName": "$s18UserDefaultsPlugin29LoadDefaultStepViewControllerC9titleMode18MobileWorkflowCore0fgh5TitleJ0Ovp",
            "moduleName": "UserDefaultsPlugin",
            "overriding": true,
            "declAttributes": [
              "Custom",
              "Override",
              "AccessControl"
            ],
            "accessors": [
              {
                "kind": "Accessor",
                "name": "Get",
                "printedName": "Get()",
                "children": [
                  {
                    "kind": "TypeNominal",
                    "name": "StepViewControllerTitleMode",
                    "printedName": "MobileWorkflowCore.StepViewControllerTitleMode",
                    "usr": "s:18MobileWorkflowCore27StepViewControllerTitleModeO"
                  }
                ],
                "declKind": "Accessor",
                "usr": "s:18UserDefaultsPlugin29LoadDefaultStepViewControllerC9titleMode18MobileWorkflowCore0fgh5TitleJ0Ovg",
                "mangledName": "$s18UserDefaultsPlugin29LoadDefaultStepViewControllerC9titleMode18MobileWorkflowCore0fgh5TitleJ0Ovg",
                "moduleName": "UserDefaultsPlugin",
                "overriding": true,
                "accessorKind": "get"
              }
            ]
          },
          {
            "kind": "Function",
            "name": "viewWillAppear",
            "printedName": "viewWillAppear(_:)",
            "children": [
              {
                "kind": "TypeNominal",
                "name": "Void",
                "printedName": "()"
              },
              {
                "kind": "TypeNominal",
                "name": "Bool",
                "printedName": "Swift.Bool",
                "usr": "s:Sb"
              }
            ],
            "declKind": "Func",
            "usr": "c:@M@UserDefaultsPlugin@objc(cs)LoadDefaultStepViewController(im)viewWillAppear:",
            "mangledName": "$s18UserDefaultsPlugin29LoadDefaultStepViewControllerC14viewWillAppearyySbF",
            "moduleName": "UserDefaultsPlugin",
            "overriding": true,
            "objc_name": "viewWillAppear:",
            "declAttributes": [
              "Dynamic",
              "ObjC",
              "Custom",
              "Override",
              "AccessControl"
            ],
            "funcSelfKind": "NonMutating"
          },
          {
            "kind": "Constructor",
            "name": "init",
            "printedName": "init(step:nibName:bundle:)",
            "children": [
              {
                "kind": "TypeNominal",
                "name": "LoadDefaultStepViewController",
                "printedName": "UserDefaultsPlugin.LoadDefaultStepViewController",
                "usr": "c:@M@UserDefaultsPlugin@objc(cs)LoadDefaultStepViewController"
              },
              {
                "kind": "TypeNominal",
                "name": "Step",
                "printedName": "MobileWorkflowCore.Step",
                "usr": "s:18MobileWorkflowCore4StepP"
              },
              {
                "kind": "TypeNominal",
                "name": "Optional",
                "printedName": "Swift.String?",
                "children": [
                  {
                    "kind": "TypeNominal",
                    "name": "String",
                    "printedName": "Swift.String",
                    "usr": "s:SS"
                  }
                ],
                "usr": "s:Sq"
              },
              {
                "kind": "TypeNominal",
                "name": "Optional",
                "printedName": "Foundation.Bundle?",
                "children": [
                  {
                    "kind": "TypeNominal",
                    "name": "Bundle",
                    "printedName": "Foundation.Bundle",
                    "usr": "c:objc(cs)NSBundle"
                  }
                ],
                "usr": "s:Sq"
              }
            ],
            "declKind": "Constructor",
            "usr": "s:18UserDefaultsPlugin29LoadDefaultStepViewControllerC4step7nibName6bundleAC18MobileWorkflowCore0F0_p_SSSgSo8NSBundleCSgtcfc",
            "mangledName": "$s18UserDefaultsPlugin29LoadDefaultStepViewControllerC4step7nibName6bundleAC18MobileWorkflowCore0F0_p_SSSgSo8NSBundleCSgtcfc",
            "moduleName": "UserDefaultsPlugin",
            "overriding": true,
            "implicit": true,
            "declAttributes": [
              "Custom",
              "Override"
            ],
            "init_kind": "Designated"
          },
          {
            "kind": "Constructor",
            "name": "init",
            "printedName": "init(step:)",
            "children": [
              {
                "kind": "TypeNominal",
                "name": "LoadDefaultStepViewController",
                "printedName": "UserDefaultsPlugin.LoadDefaultStepViewController",
                "usr": "c:@M@UserDefaultsPlugin@objc(cs)LoadDefaultStepViewController"
              },
              {
                "kind": "TypeNominal",
                "name": "Step",
                "printedName": "MobileWorkflowCore.Step",
                "usr": "s:18MobileWorkflowCore4StepP"
              }
            ],
            "declKind": "Constructor",
            "usr": "s:18UserDefaultsPlugin29LoadDefaultStepViewControllerC4stepAC18MobileWorkflowCore0F0_p_tcfc",
            "mangledName": "$s18UserDefaultsPlugin29LoadDefaultStepViewControllerC4stepAC18MobileWorkflowCore0F0_p_tcfc",
            "moduleName": "UserDefaultsPlugin",
            "overriding": true,
            "implicit": true,
            "declAttributes": [
              "Custom",
              "Override"
            ],
            "init_kind": "Designated"
          },
          {
            "kind": "Constructor",
            "name": "init",
            "printedName": "init(coder:)",
            "children": [
              {
                "kind": "TypeNominal",
                "name": "Optional",
                "printedName": "UserDefaultsPlugin.LoadDefaultStepViewController?",
                "children": [
                  {
                    "kind": "TypeNominal",
                    "name": "LoadDefaultStepViewController",
                    "printedName": "UserDefaultsPlugin.LoadDefaultStepViewController",
                    "usr": "c:@M@UserDefaultsPlugin@objc(cs)LoadDefaultStepViewController"
                  }
                ],
                "usr": "s:Sq"
              },
              {
                "kind": "TypeNominal",
                "name": "NSCoder",
                "printedName": "Foundation.NSCoder",
                "usr": "c:objc(cs)NSCoder"
              }
            ],
            "declKind": "Constructor",
            "usr": "c:@M@UserDefaultsPlugin@objc(cs)LoadDefaultStepViewController(im)initWithCoder:",
            "mangledName": "$s18UserDefaultsPlugin29LoadDefaultStepViewControllerC5coderACSgSo7NSCoderC_tcfc",
            "moduleName": "UserDefaultsPlugin",
            "overriding": true,
            "implicit": true,
            "objc_name": "initWithCoder:",
            "declAttributes": [
              "Dynamic",
              "ObjC",
              "Custom",
              "Required"
            ],
            "init_kind": "Designated"
          }
        ],
        "declKind": "Class",
        "usr": "c:@M@UserDefaultsPlugin@objc(cs)LoadDefaultStepViewController",
        "mangledName": "$s18UserDefaultsPlugin29LoadDefaultStepViewControllerC",
        "moduleName": "UserDefaultsPlugin",
        "declAttributes": [
          "Custom",
          "AccessControl",
          "ObjC"
        ],
        "superclassUsr": "c:@M@MobileWorkflowCore@objc(cs)MWLoadingStepViewController",
        "inheritsConvenienceInitializers": true,
        "superclassNames": [
          "MobileWorkflowCore.MWLoadingStepViewController",
          "MobileWorkflowCore.MWStepViewController",
          "UIKit.UIViewController",
          "UIKit.UIResponder",
          "ObjectiveC.NSObject"
        ],
        "conformances": [
          {
            "kind": "Conformance",
            "name": "StepViewController",
            "printedName": "StepViewController",
            "usr": "s:18MobileWorkflowCore18StepViewControllerP",
            "mangledName": "$s18MobileWorkflowCore18StepViewControllerP"
          },
          {
            "kind": "Conformance",
            "name": "Equatable",
            "printedName": "Equatable",
            "usr": "s:SQ",
            "mangledName": "$sSQ"
          },
          {
            "kind": "Conformance",
            "name": "Hashable",
            "printedName": "Hashable",
            "usr": "s:SH",
            "mangledName": "$sSH"
          },
          {
            "kind": "Conformance",
            "name": "CVarArg",
            "printedName": "CVarArg",
            "usr": "s:s7CVarArgP",
            "mangledName": "$ss7CVarArgP"
          },
          {
            "kind": "Conformance",
            "name": "_KeyValueCodingAndObservingPublishing",
            "printedName": "_KeyValueCodingAndObservingPublishing",
            "usr": "s:10Foundation37_KeyValueCodingAndObservingPublishingP",
            "mangledName": "$s10Foundation37_KeyValueCodingAndObservingPublishingP"
          },
          {
            "kind": "Conformance",
            "name": "_KeyValueCodingAndObserving",
            "printedName": "_KeyValueCodingAndObserving",
            "usr": "s:10Foundation27_KeyValueCodingAndObservingP",
            "mangledName": "$s10Foundation27_KeyValueCodingAndObservingP"
          },
          {
            "kind": "Conformance",
            "name": "CustomStringConvertible",
            "printedName": "CustomStringConvertible",
            "usr": "s:s23CustomStringConvertibleP",
            "mangledName": "$ss23CustomStringConvertibleP"
          },
          {
            "kind": "Conformance",
            "name": "CustomDebugStringConvertible",
            "printedName": "CustomDebugStringConvertible",
            "usr": "s:s28CustomDebugStringConvertibleP",
            "mangledName": "$ss28CustomDebugStringConvertibleP"
          }
        ]
      },
      {
        "kind": "Import",
        "name": "Foundation",
        "printedName": "Foundation",
        "declKind": "Import",
        "moduleName": "UserDefaultsPlugin",
        "declAttributes": [
          "RawDocComment"
        ]
      },
      {
        "kind": "Import",
        "name": "MobileWorkflowCore",
        "printedName": "MobileWorkflowCore",
        "declKind": "Import",
        "moduleName": "UserDefaultsPlugin"
      },
      {
        "kind": "Import",
        "name": "SwiftUI",
        "printedName": "SwiftUI",
        "declKind": "Import",
        "moduleName": "UserDefaultsPlugin"
      },
      {
        "kind": "TypeDecl",
        "name": "ResetDefaultsStep",
        "printedName": "ResetDefaultsStep",
        "children": [
          {
            "kind": "Function",
            "name": "instantiateViewController",
            "printedName": "instantiateViewController()",
            "children": [
              {
                "kind": "TypeNominal",
                "name": "StepViewController",
                "printedName": "MobileWorkflowCore.StepViewController",
                "usr": "s:18MobileWorkflowCore18StepViewControllerP"
              }
            ],
            "declKind": "Func",
            "usr": "s:18UserDefaultsPlugin05ResetB4StepC25instantiateViewController18MobileWorkflowCore0egH0_pyF",
            "mangledName": "$s18UserDefaultsPlugin05ResetB4StepC25instantiateViewController18MobileWorkflowCore0egH0_pyF",
            "moduleName": "UserDefaultsPlugin",
            "overriding": true,
            "declAttributes": [
              "Override",
              "AccessControl"
            ],
            "funcSelfKind": "NonMutating"
          },
          {
            "kind": "Constructor",
            "name": "init",
            "printedName": "init(identifier:session:services:)",
            "children": [
              {
                "kind": "TypeNominal",
                "name": "ResetDefaultsStep",
                "printedName": "UserDefaultsPlugin.ResetDefaultsStep",
                "usr": "s:18UserDefaultsPlugin05ResetB4StepC"
              },
              {
                "kind": "TypeNominal",
                "name": "String",
                "printedName": "Swift.String",
                "usr": "s:SS"
              },
              {
                "kind": "TypeNominal",
                "name": "Session",
                "printedName": "MobileWorkflowCore.Session",
                "usr": "s:18MobileWorkflowCore7SessionC"
              },
              {
                "kind": "TypeNominal",
                "name": "StepServices",
                "printedName": "MobileWorkflowCore.StepServices",
                "usr": "s:18MobileWorkflowCore12StepServicesC"
              }
            ],
            "declKind": "Constructor",
            "usr": "s:18UserDefaultsPlugin05ResetB4StepC10identifier7session8servicesACSS_18MobileWorkflowCore7SessionCAG0E8ServicesCtcfc",
            "mangledName": "$s18UserDefaultsPlugin05ResetB4StepC10identifier7session8servicesACSS_18MobileWorkflowCore7SessionCAG0E8ServicesCtcfc",
            "moduleName": "UserDefaultsPlugin",
            "overriding": true,
            "implicit": true,
            "declAttributes": [
              "Override"
            ],
            "init_kind": "Designated"
          },
          {
            "kind": "Function",
            "name": "build",
            "printedName": "build(stepInfo:services:)",
            "children": [
              {
                "kind": "TypeNominal",
                "name": "Step",
                "printedName": "MobileWorkflowCore.Step",
                "usr": "s:18MobileWorkflowCore4StepP"
              },
              {
                "kind": "TypeNominal",
                "name": "StepInfo",
                "printedName": "MobileWorkflowCore.StepInfo",
                "usr": "s:18MobileWorkflowCore8StepInfoV"
              },
              {
                "kind": "TypeNominal",
                "name": "StepServices",
                "printedName": "MobileWorkflowCore.StepServices",
                "usr": "s:18MobileWorkflowCore12StepServicesC"
              }
            ],
            "declKind": "Func",
            "usr": "s:18UserDefaultsPlugin05ResetB4StepC5build8stepInfo8services18MobileWorkflowCore0E0_pAG0eH0V_AG0E8ServicesCtKFZ",
            "mangledName": "$s18UserDefaultsPlugin05ResetB4StepC5build8stepInfo8services18MobileWorkflowCore0E0_pAG0eH0V_AG0E8ServicesCtKFZ",
            "moduleName": "UserDefaultsPlugin",
            "static": true,
            "declAttributes": [
              "Final",
              "AccessControl"
            ],
            "isFromExtension": true,
            "throwing": true,
            "funcSelfKind": "NonMutating"
          }
        ],
        "declKind": "Class",
        "usr": "s:18UserDefaultsPlugin05ResetB4StepC",
        "mangledName": "$s18UserDefaultsPlugin05ResetB4StepC",
        "moduleName": "UserDefaultsPlugin",
        "declAttributes": [
          "AccessControl"
        ],
        "superclassUsr": "s:18MobileWorkflowCore14ObservableStepC",
        "inheritsConvenienceInitializers": true,
        "superclassNames": [
          "MobileWorkflowCore.ObservableStep",
          "MobileWorkflowCore.MWStep"
        ],
        "conformances": [
          {
            "kind": "Conformance",
            "name": "BuildableStep",
            "printedName": "BuildableStep",
            "usr": "s:18MobileWorkflowCore13BuildableStepP",
            "mangledName": "$s18MobileWorkflowCore13BuildableStepP"
          },
          {
            "kind": "Conformance",
            "name": "StepViewModel",
            "printedName": "StepViewModel",
            "usr": "s:18MobileWorkflowCore13StepViewModelP",
            "mangledName": "$s18MobileWorkflowCore13StepViewModelP"
          },
          {
            "kind": "Conformance",
            "name": "ObservableObject",
            "printedName": "ObservableObject",
            "children": [
              {
                "kind": "TypeWitness",
                "name": "ObjectWillChangePublisher",
                "printedName": "ObjectWillChangePublisher",
                "children": [
                  {
                    "kind": "TypeNominal",
                    "name": "ObservableObjectPublisher",
                    "printedName": "Combine.ObservableObjectPublisher",
                    "usr": "s:7Combine25ObservableObjectPublisherC"
                  }
                ]
              }
            ],
            "usr": "s:7Combine16ObservableObjectP",
            "mangledName": "$s7Combine16ObservableObjectP"
          },
          {
            "kind": "Conformance",
            "name": "Step",
            "printedName": "Step",
            "usr": "s:18MobileWorkflowCore4StepP",
            "mangledName": "$s18MobileWorkflowCore4StepP"
          }
        ]
      },
      {
        "kind": "TypeDecl",
        "name": "ResetDefaultsStepViewController",
        "printedName": "ResetDefaultsStepViewController",
        "children": [
          {
            "kind": "Var",
            "name": "titleMode",
            "printedName": "titleMode",
            "children": [
              {
                "kind": "TypeNominal",
                "name": "StepViewControllerTitleMode",
                "printedName": "MobileWorkflowCore.StepViewControllerTitleMode",
                "usr": "s:18MobileWorkflowCore27StepViewControllerTitleModeO"
              }
            ],
            "declKind": "Var",
            "usr": "s:18UserDefaultsPlugin05ResetB18StepViewControllerC9titleMode18MobileWorkflowCore0efg5TitleI0Ovp",
            "mangledName": "$s18UserDefaultsPlugin05ResetB18StepViewControllerC9titleMode18MobileWorkflowCore0efg5TitleI0Ovp",
            "moduleName": "UserDefaultsPlugin",
            "overriding": true,
            "declAttributes": [
              "Custom",
              "Override",
              "AccessControl"
            ],
            "accessors": [
              {
                "kind": "Accessor",
                "name": "Get",
                "printedName": "Get()",
                "children": [
                  {
                    "kind": "TypeNominal",
                    "name": "StepViewControllerTitleMode",
                    "printedName": "MobileWorkflowCore.StepViewControllerTitleMode",
                    "usr": "s:18MobileWorkflowCore27StepViewControllerTitleModeO"
                  }
                ],
                "declKind": "Accessor",
                "usr": "s:18UserDefaultsPlugin05ResetB18StepViewControllerC9titleMode18MobileWorkflowCore0efg5TitleI0Ovg",
                "mangledName": "$s18UserDefaultsPlugin05ResetB18StepViewControllerC9titleMode18MobileWorkflowCore0efg5TitleI0Ovg",
                "moduleName": "UserDefaultsPlugin",
                "overriding": true,
                "accessorKind": "get"
              }
            ]
          },
          {
            "kind": "Function",
            "name": "viewWillAppear",
            "printedName": "viewWillAppear(_:)",
            "children": [
              {
                "kind": "TypeNominal",
                "name": "Void",
                "printedName": "()"
              },
              {
                "kind": "TypeNominal",
                "name": "Bool",
                "printedName": "Swift.Bool",
                "usr": "s:Sb"
              }
            ],
            "declKind": "Func",
            "usr": "c:@M@UserDefaultsPlugin@objc(cs)ResetDefaultsStepViewController(im)viewWillAppear:",
            "mangledName": "$s18UserDefaultsPlugin05ResetB18StepViewControllerC14viewWillAppearyySbF",
            "moduleName": "UserDefaultsPlugin",
            "overriding": true,
            "objc_name": "viewWillAppear:",
            "declAttributes": [
              "Dynamic",
              "ObjC",
              "Custom",
              "Override",
              "AccessControl"
            ],
            "funcSelfKind": "NonMutating"
          },
          {
            "kind": "Constructor",
            "name": "init",
            "printedName": "init(step:nibName:bundle:)",
            "children": [
              {
                "kind": "TypeNominal",
                "name": "ResetDefaultsStepViewController",
                "printedName": "UserDefaultsPlugin.ResetDefaultsStepViewController",
                "usr": "c:@M@UserDefaultsPlugin@objc(cs)ResetDefaultsStepViewController"
              },
              {
                "kind": "TypeNominal",
                "name": "Step",
                "printedName": "MobileWorkflowCore.Step",
                "usr": "s:18MobileWorkflowCore4StepP"
              },
              {
                "kind": "TypeNominal",
                "name": "Optional",
                "printedName": "Swift.String?",
                "children": [
                  {
                    "kind": "TypeNominal",
                    "name": "String",
                    "printedName": "Swift.String",
                    "usr": "s:SS"
                  }
                ],
                "usr": "s:Sq"
              },
              {
                "kind": "TypeNominal",
                "name": "Optional",
                "printedName": "Foundation.Bundle?",
                "children": [
                  {
                    "kind": "TypeNominal",
                    "name": "Bundle",
                    "printedName": "Foundation.Bundle",
                    "usr": "c:objc(cs)NSBundle"
                  }
                ],
                "usr": "s:Sq"
              }
            ],
            "declKind": "Constructor",
            "usr": "s:18UserDefaultsPlugin05ResetB18StepViewControllerC4step7nibName6bundleAC18MobileWorkflowCore0E0_p_SSSgSo8NSBundleCSgtcfc",
            "mangledName": "$s18UserDefaultsPlugin05ResetB18StepViewControllerC4step7nibName6bundleAC18MobileWorkflowCore0E0_p_SSSgSo8NSBundleCSgtcfc",
            "moduleName": "UserDefaultsPlugin",
            "overriding": true,
            "implicit": true,
            "declAttributes": [
              "Custom",
              "Override"
            ],
            "init_kind": "Designated"
          },
          {
            "kind": "Constructor",
            "name": "init",
            "printedName": "init(step:)",
            "children": [
              {
                "kind": "TypeNominal",
                "name": "ResetDefaultsStepViewController",
                "printedName": "UserDefaultsPlugin.ResetDefaultsStepViewController",
                "usr": "c:@M@UserDefaultsPlugin@objc(cs)ResetDefaultsStepViewController"
              },
              {
                "kind": "TypeNominal",
                "name": "Step",
                "printedName": "MobileWorkflowCore.Step",
                "usr": "s:18MobileWorkflowCore4StepP"
              }
            ],
            "declKind": "Constructor",
            "usr": "s:18UserDefaultsPlugin05ResetB18StepViewControllerC4stepAC18MobileWorkflowCore0E0_p_tcfc",
            "mangledName": "$s18UserDefaultsPlugin05ResetB18StepViewControllerC4stepAC18MobileWorkflowCore0E0_p_tcfc",
            "moduleName": "UserDefaultsPlugin",
            "overriding": true,
            "implicit": true,
            "declAttributes": [
              "Custom",
              "Override"
            ],
            "init_kind": "Designated"
          },
          {
            "kind": "Constructor",
            "name": "init",
            "printedName": "init(coder:)",
            "children": [
              {
                "kind": "TypeNominal",
                "name": "Optional",
                "printedName": "UserDefaultsPlugin.ResetDefaultsStepViewController?",
                "children": [
                  {
                    "kind": "TypeNominal",
                    "name": "ResetDefaultsStepViewController",
                    "printedName": "UserDefaultsPlugin.ResetDefaultsStepViewController",
                    "usr": "c:@M@UserDefaultsPlugin@objc(cs)ResetDefaultsStepViewController"
                  }
                ],
                "usr": "s:Sq"
              },
              {
                "kind": "TypeNominal",
                "name": "NSCoder",
                "printedName": "Foundation.NSCoder",
                "usr": "c:objc(cs)NSCoder"
              }
            ],
            "declKind": "Constructor",
            "usr": "c:@M@UserDefaultsPlugin@objc(cs)ResetDefaultsStepViewController(im)initWithCoder:",
            "mangledName": "$s18UserDefaultsPlugin05ResetB18StepViewControllerC5coderACSgSo7NSCoderC_tcfc",
            "moduleName": "UserDefaultsPlugin",
            "overriding": true,
            "implicit": true,
            "objc_name": "initWithCoder:",
            "declAttributes": [
              "Dynamic",
              "ObjC",
              "Custom",
              "Required"
            ],
            "init_kind": "Designated"
          }
        ],
        "declKind": "Class",
        "usr": "c:@M@UserDefaultsPlugin@objc(cs)ResetDefaultsStepViewController",
        "mangledName": "$s18UserDefaultsPlugin05ResetB18StepViewControllerC",
        "moduleName": "UserDefaultsPlugin",
        "declAttributes": [
          "Custom",
          "AccessControl",
          "ObjC"
        ],
        "superclassUsr": "c:@M@MobileWorkflowCore@objc(cs)MWLoadingStepViewController",
        "inheritsConvenienceInitializers": true,
        "superclassNames": [
          "MobileWorkflowCore.MWLoadingStepViewController",
          "MobileWorkflowCore.MWStepViewController",
          "UIKit.UIViewController",
          "UIKit.UIResponder",
          "ObjectiveC.NSObject"
        ],
        "conformances": [
          {
            "kind": "Conformance",
            "name": "StepViewController",
            "printedName": "StepViewController",
            "usr": "s:18MobileWorkflowCore18StepViewControllerP",
            "mangledName": "$s18MobileWorkflowCore18StepViewControllerP"
          },
          {
            "kind": "Conformance",
            "name": "Equatable",
            "printedName": "Equatable",
            "usr": "s:SQ",
            "mangledName": "$sSQ"
          },
          {
            "kind": "Conformance",
            "name": "Hashable",
            "printedName": "Hashable",
            "usr": "s:SH",
            "mangledName": "$sSH"
          },
          {
            "kind": "Conformance",
            "name": "CVarArg",
            "printedName": "CVarArg",
            "usr": "s:s7CVarArgP",
            "mangledName": "$ss7CVarArgP"
          },
          {
            "kind": "Conformance",
            "name": "_KeyValueCodingAndObservingPublishing",
            "printedName": "_KeyValueCodingAndObservingPublishing",
            "usr": "s:10Foundation37_KeyValueCodingAndObservingPublishingP",
            "mangledName": "$s10Foundation37_KeyValueCodingAndObservingPublishingP"
          },
          {
            "kind": "Conformance",
            "name": "_KeyValueCodingAndObserving",
            "printedName": "_KeyValueCodingAndObserving",
            "usr": "s:10Foundation27_KeyValueCodingAndObservingP",
            "mangledName": "$s10Foundation27_KeyValueCodingAndObservingP"
          },
          {
            "kind": "Conformance",
            "name": "CustomStringConvertible",
            "printedName": "CustomStringConvertible",
            "usr": "s:s23CustomStringConvertibleP",
            "mangledName": "$ss23CustomStringConvertibleP"
          },
          {
            "kind": "Conformance",
            "name": "CustomDebugStringConvertible",
            "printedName": "CustomDebugStringConvertible",
            "usr": "s:s28CustomDebugStringConvertibleP",
            "mangledName": "$ss28CustomDebugStringConvertibleP"
          }
        ]
      },
      {
        "kind": "Import",
        "name": "Foundation",
        "printedName": "Foundation",
        "declKind": "Import",
        "moduleName": "UserDefaultsPlugin",
        "declAttributes": [
          "RawDocComment"
        ]
      },
      {
        "kind": "Import",
        "name": "MobileWorkflowCore",
        "printedName": "MobileWorkflowCore",
        "declKind": "Import",
        "moduleName": "UserDefaultsPlugin"
      },
      {
        "kind": "Import",
        "name": "SwiftUI",
        "printedName": "SwiftUI",
        "declKind": "Import",
        "moduleName": "UserDefaultsPlugin"
      },
      {
        "kind": "TypeDecl",
        "name": "SaveDefaultStep",
        "printedName": "SaveDefaultStep",
        "children": [
          {
            "kind": "Constructor",
            "name": "init",
            "printedName": "init(identifier:session:services:key:value:)",
            "children": [
              {
                "kind": "TypeNominal",
                "name": "SaveDefaultStep",
                "printedName": "UserDefaultsPlugin.SaveDefaultStep",
                "usr": "s:18UserDefaultsPlugin15SaveDefaultStepC"
              },
              {
                "kind": "TypeNominal",
                "name": "String",
                "printedName": "Swift.String",
                "usr": "s:SS"
              },
              {
                "kind": "TypeNominal",
                "name": "Session",
                "printedName": "MobileWorkflowCore.Session",
                "usr": "s:18MobileWorkflowCore7SessionC"
              },
              {
                "kind": "TypeNominal",
                "name": "StepServices",
                "printedName": "MobileWorkflowCore.StepServices",
                "usr": "s:18MobileWorkflowCore12StepServicesC"
              },
              {
                "kind": "TypeNominal",
                "name": "String",
                "printedName": "Swift.String",
                "usr": "s:SS"
              },
              {
                "kind": "TypeNominal",
                "name": "String",
                "printedName": "Swift.String",
                "usr": "s:SS"
              }
            ],
            "declKind": "Constructor",
            "usr": "s:18UserDefaultsPlugin15SaveDefaultStepC10identifier7session8services3key5valueACSS_18MobileWorkflowCore7SessionCAI0F8ServicesCS2Stcfc",
            "mangledName": "$s18UserDefaultsPlugin15SaveDefaultStepC10identifier7session8services3key5valueACSS_18MobileWorkflowCore7SessionCAI0F8ServicesCS2Stcfc",
            "moduleName": "UserDefaultsPlugin",
            "declAttributes": [
              "AccessControl"
            ],
            "init_kind": "Designated"
          },
          {
            "kind": "Function",
            "name": "instantiateViewController",
            "printedName": "instantiateViewController()",
            "children": [
              {
                "kind": "TypeNominal",
                "name": "StepViewController",
                "printedName": "MobileWorkflowCore.StepViewController",
                "usr": "s:18MobileWorkflowCore18StepViewControllerP"
              }
            ],
            "declKind": "Func",
            "usr": "s:18UserDefaultsPlugin15SaveDefaultStepC25instantiateViewController18MobileWorkflowCore0fhI0_pyF",
            "mangledName": "$s18UserDefaultsPlugin15SaveDefaultStepC25instantiateViewController18MobileWorkflowCore0fhI0_pyF",
            "moduleName": "UserDefaultsPlugin",
            "overriding": true,
            "declAttributes": [
              "Override",
              "AccessControl"
            ],
            "funcSelfKind": "NonMutating"
          },
          {
            "kind": "Constructor",
            "name": "init",
            "printedName": "init(identifier:session:services:)",
            "children": [
              {
                "kind": "TypeNominal",
                "name": "SaveDefaultStep",
                "printedName": "UserDefaultsPlugin.SaveDefaultStep",
                "usr": "s:18UserDefaultsPlugin15SaveDefaultStepC"
              },
              {
                "kind": "TypeNominal",
                "name": "String",
                "printedName": "Swift.String",
                "usr": "s:SS"
              },
              {
                "kind": "TypeNominal",
                "name": "Session",
                "printedName": "MobileWorkflowCore.Session",
                "usr": "s:18MobileWorkflowCore7SessionC"
              },
              {
                "kind": "TypeNominal",
                "name": "StepServices",
                "printedName": "MobileWorkflowCore.StepServices",
                "usr": "s:18MobileWorkflowCore12StepServicesC"
              }
            ],
            "declKind": "Constructor",
            "usr": "s:18UserDefaultsPlugin15SaveDefaultStepC10identifier7session8servicesACSS_18MobileWorkflowCore7SessionCAG0F8ServicesCtcfc",
            "mangledName": "$s18UserDefaultsPlugin15SaveDefaultStepC10identifier7session8servicesACSS_18MobileWorkflowCore7SessionCAG0F8ServicesCtcfc",
            "moduleName": "UserDefaultsPlugin",
            "overriding": true,
            "implicit": true,
            "declAttributes": [
              "Override"
            ],
            "init_kind": "Designated"
          },
          {
            "kind": "Var",
            "name": "mandatoryCodingPaths",
            "printedName": "mandatoryCodingPaths",
            "children": [
              {
                "kind": "TypeNominal",
                "name": "Array",
                "printedName": "[Swift.CodingKey]",
                "children": [
                  {
                    "kind": "TypeNominal",
                    "name": "CodingKey",
                    "printedName": "Swift.CodingKey",
                    "usr": "s:s9CodingKeyP"
                  }
                ],
                "usr": "s:Sa"
              }
            ],
            "declKind": "Var",
            "usr": "s:18UserDefaultsPlugin15SaveDefaultStepC20mandatoryCodingPathsSays0H3Key_pGvpZ",
            "mangledName": "$s18UserDefaultsPlugin15SaveDefaultStepC20mandatoryCodingPathsSays0H3Key_pGvpZ",
            "moduleName": "UserDefaultsPlugin",
            "static": true,
            "declAttributes": [
              "Final",
              "AccessControl"
            ],
            "isFromExtension": true,
            "accessors": [
              {
                "kind": "Accessor",
                "name": "Get",
                "printedName": "Get()",
                "children": [
                  {
                    "kind": "TypeNominal",
                    "name": "Array",
                    "printedName": "[Swift.CodingKey]",
                    "children": [
                      {
                        "kind": "TypeNominal",
                        "name": "CodingKey",
                        "printedName": "Swift.CodingKey",
                        "usr": "s:s9CodingKeyP"
                      }
                    ],
                    "usr": "s:Sa"
                  }
                ],
                "declKind": "Accessor",
                "usr": "s:18UserDefaultsPlugin15SaveDefaultStepC20mandatoryCodingPathsSays0H3Key_pGvgZ",
                "mangledName": "$s18UserDefaultsPlugin15SaveDefaultStepC20mandatoryCodingPathsSays0H3Key_pGvgZ",
                "moduleName": "UserDefaultsPlugin",
                "static": true,
                "declAttributes": [
                  "Final"
                ],
                "isFromExtension": true,
                "accessorKind": "get"
              }
            ]
          },
          {
            "kind": "Function",
            "name": "build",
            "printedName": "build(stepInfo:services:)",
            "children": [
              {
                "kind": "TypeNominal",
                "name": "Step",
                "printedName": "MobileWorkflowCore.Step",
                "usr": "s:18MobileWorkflowCore4StepP"
              },
              {
                "kind": "TypeNominal",
                "name": "StepInfo",
                "printedName": "MobileWorkflowCore.StepInfo",
                "usr": "s:18MobileWorkflowCore8StepInfoV"
              },
              {
                "kind": "TypeNominal",
                "name": "StepServices",
                "printedName": "MobileWorkflowCore.StepServices",
                "usr": "s:18MobileWorkflowCore12StepServicesC"
              }
            ],
            "declKind": "Func",
            "usr": "s:18UserDefaultsPlugin15SaveDefaultStepC5build8stepInfo8services18MobileWorkflowCore0F0_pAG0fI0V_AG0F8ServicesCtKFZ",
            "mangledName": "$s18UserDefaultsPlugin15SaveDefaultStepC5build8stepInfo8services18MobileWorkflowCore0F0_pAG0fI0V_AG0F8ServicesCtKFZ",
            "moduleName": "UserDefaultsPlugin",
            "static": true,
            "declAttributes": [
              "Final",
              "AccessControl"
            ],
            "isFromExtension": true,
            "throwing": true,
            "funcSelfKind": "NonMutating"
          }
        ],
        "declKind": "Class",
        "usr": "s:18UserDefaultsPlugin15SaveDefaultStepC",
        "mangledName": "$s18UserDefaultsPlugin15SaveDefaultStepC",
        "moduleName": "UserDefaultsPlugin",
        "declAttributes": [
          "AccessControl"
        ],
        "superclassUsr": "s:18MobileWorkflowCore14ObservableStepC",
        "superclassNames": [
          "MobileWorkflowCore.ObservableStep",
          "MobileWorkflowCore.MWStep"
        ],
        "conformances": [
          {
            "kind": "Conformance",
            "name": "BuildableStep",
            "printedName": "BuildableStep",
            "usr": "s:18MobileWorkflowCore13BuildableStepP",
            "mangledName": "$s18MobileWorkflowCore13BuildableStepP"
          },
          {
            "kind": "Conformance",
            "name": "StepViewModel",
            "printedName": "StepViewModel",
            "usr": "s:18MobileWorkflowCore13StepViewModelP",
            "mangledName": "$s18MobileWorkflowCore13StepViewModelP"
          },
          {
            "kind": "Conformance",
            "name": "ObservableObject",
            "printedName": "ObservableObject",
            "children": [
              {
                "kind": "TypeWitness",
                "name": "ObjectWillChangePublisher",
                "printedName": "ObjectWillChangePublisher",
                "children": [
                  {
                    "kind": "TypeNominal",
                    "name": "ObservableObjectPublisher",
                    "printedName": "Combine.ObservableObjectPublisher",
                    "usr": "s:7Combine25ObservableObjectPublisherC"
                  }
                ]
              }
            ],
            "usr": "s:7Combine16ObservableObjectP",
            "mangledName": "$s7Combine16ObservableObjectP"
          },
          {
            "kind": "Conformance",
            "name": "Step",
            "printedName": "Step",
            "usr": "s:18MobileWorkflowCore4StepP",
            "mangledName": "$s18MobileWorkflowCore4StepP"
          }
        ]
      },
      {
        "kind": "TypeDecl",
        "name": "SaveDefaultStepViewController",
        "printedName": "SaveDefaultStepViewController",
        "children": [
          {
            "kind": "Var",
            "name": "titleMode",
            "printedName": "titleMode",
            "children": [
              {
                "kind": "TypeNominal",
                "name": "StepViewControllerTitleMode",
                "printedName": "MobileWorkflowCore.StepViewControllerTitleMode",
                "usr": "s:18MobileWorkflowCore27StepViewControllerTitleModeO"
              }
            ],
            "declKind": "Var",
            "usr": "s:18UserDefaultsPlugin29SaveDefaultStepViewControllerC9titleMode18MobileWorkflowCore0fgh5TitleJ0Ovp",
            "mangledName": "$s18UserDefaultsPlugin29SaveDefaultStepViewControllerC9titleMode18MobileWorkflowCore0fgh5TitleJ0Ovp",
            "moduleName": "UserDefaultsPlugin",
            "overriding": true,
            "declAttributes": [
              "Custom",
              "Override",
              "AccessControl"
            ],
            "accessors": [
              {
                "kind": "Accessor",
                "name": "Get",
                "printedName": "Get()",
                "children": [
                  {
                    "kind": "TypeNominal",
                    "name": "StepViewControllerTitleMode",
                    "printedName": "MobileWorkflowCore.StepViewControllerTitleMode",
                    "usr": "s:18MobileWorkflowCore27StepViewControllerTitleModeO"
                  }
                ],
                "declKind": "Accessor",
                "usr": "s:18UserDefaultsPlugin29SaveDefaultStepViewControllerC9titleMode18MobileWorkflowCore0fgh5TitleJ0Ovg",
                "mangledName": "$s18UserDefaultsPlugin29SaveDefaultStepViewControllerC9titleMode18MobileWorkflowCore0fgh5TitleJ0Ovg",
                "moduleName": "UserDefaultsPlugin",
                "overriding": true,
                "accessorKind": "get"
              }
            ]
          },
          {
            "kind": "Function",
            "name": "viewWillAppear",
            "printedName": "viewWillAppear(_:)",
            "children": [
              {
                "kind": "TypeNominal",
                "name": "Void",
                "printedName": "()"
              },
              {
                "kind": "TypeNominal",
                "name": "Bool",
                "printedName": "Swift.Bool",
                "usr": "s:Sb"
              }
            ],
            "declKind": "Func",
            "usr": "c:@M@UserDefaultsPlugin@objc(cs)SaveDefaultStepViewController(im)viewWillAppear:",
            "mangledName": "$s18UserDefaultsPlugin29SaveDefaultStepViewControllerC14viewWillAppearyySbF",
            "moduleName": "UserDefaultsPlugin",
            "overriding": true,
            "objc_name": "viewWillAppear:",
            "declAttributes": [
              "Dynamic",
              "ObjC",
              "Custom",
              "Override",
              "AccessControl"
            ],
            "funcSelfKind": "NonMutating"
          },
          {
            "kind": "Constructor",
            "name": "init",
            "printedName": "init(step:nibName:bundle:)",
            "children": [
              {
                "kind": "TypeNominal",
                "name": "SaveDefaultStepViewController",
                "printedName": "UserDefaultsPlugin.SaveDefaultStepViewController",
                "usr": "c:@M@UserDefaultsPlugin@objc(cs)SaveDefaultStepViewController"
              },
              {
                "kind": "TypeNominal",
                "name": "Step",
                "printedName": "MobileWorkflowCore.Step",
                "usr": "s:18MobileWorkflowCore4StepP"
              },
              {
                "kind": "TypeNominal",
                "name": "Optional",
                "printedName": "Swift.String?",
                "children": [
                  {
                    "kind": "TypeNominal",
                    "name": "String",
                    "printedName": "Swift.String",
                    "usr": "s:SS"
                  }
                ],
                "usr": "s:Sq"
              },
              {
                "kind": "TypeNominal",
                "name": "Optional",
                "printedName": "Foundation.Bundle?",
                "children": [
                  {
                    "kind": "TypeNominal",
                    "name": "Bundle",
                    "printedName": "Foundation.Bundle",
                    "usr": "c:objc(cs)NSBundle"
                  }
                ],
                "usr": "s:Sq"
              }
            ],
            "declKind": "Constructor",
            "usr": "s:18UserDefaultsPlugin29SaveDefaultStepViewControllerC4step7nibName6bundleAC18MobileWorkflowCore0F0_p_SSSgSo8NSBundleCSgtcfc",
            "mangledName": "$s18UserDefaultsPlugin29SaveDefaultStepViewControllerC4step7nibName6bundleAC18MobileWorkflowCore0F0_p_SSSgSo8NSBundleCSgtcfc",
            "moduleName": "UserDefaultsPlugin",
            "overriding": true,
            "implicit": true,
            "declAttributes": [
              "Custom",
              "Override"
            ],
            "init_kind": "Designated"
          },
          {
            "kind": "Constructor",
            "name": "init",
            "printedName": "init(step:)",
            "children": [
              {
                "kind": "TypeNominal",
                "name": "SaveDefaultStepViewController",
                "printedName": "UserDefaultsPlugin.SaveDefaultStepViewController",
                "usr": "c:@M@UserDefaultsPlugin@objc(cs)SaveDefaultStepViewController"
              },
              {
                "kind": "TypeNominal",
                "name": "Step",
                "printedName": "MobileWorkflowCore.Step",
                "usr": "s:18MobileWorkflowCore4StepP"
              }
            ],
            "declKind": "Constructor",
            "usr": "s:18UserDefaultsPlugin29SaveDefaultStepViewControllerC4stepAC18MobileWorkflowCore0F0_p_tcfc",
            "mangledName": "$s18UserDefaultsPlugin29SaveDefaultStepViewControllerC4stepAC18MobileWorkflowCore0F0_p_tcfc",
            "moduleName": "UserDefaultsPlugin",
            "overriding": true,
            "implicit": true,
            "declAttributes": [
              "Custom",
              "Override"
            ],
            "init_kind": "Designated"
          },
          {
            "kind": "Constructor",
            "name": "init",
            "printedName": "init(coder:)",
            "children": [
              {
                "kind": "TypeNominal",
                "name": "Optional",
                "printedName": "UserDefaultsPlugin.SaveDefaultStepViewController?",
                "children": [
                  {
                    "kind": "TypeNominal",
                    "name": "SaveDefaultStepViewController",
                    "printedName": "UserDefaultsPlugin.SaveDefaultStepViewController",
                    "usr": "c:@M@UserDefaultsPlugin@objc(cs)SaveDefaultStepViewController"
                  }
                ],
                "usr": "s:Sq"
              },
              {
                "kind": "TypeNominal",
                "name": "NSCoder",
                "printedName": "Foundation.NSCoder",
                "usr": "c:objc(cs)NSCoder"
              }
            ],
            "declKind": "Constructor",
            "usr": "c:@M@UserDefaultsPlugin@objc(cs)SaveDefaultStepViewController(im)initWithCoder:",
            "mangledName": "$s18UserDefaultsPlugin29SaveDefaultStepViewControllerC5coderACSgSo7NSCoderC_tcfc",
            "moduleName": "UserDefaultsPlugin",
            "overriding": true,
            "implicit": true,
            "objc_name": "initWithCoder:",
            "declAttributes": [
              "Dynamic",
              "ObjC",
              "Custom",
              "Required"
            ],
            "init_kind": "Designated"
          }
        ],
        "declKind": "Class",
        "usr": "c:@M@UserDefaultsPlugin@objc(cs)SaveDefaultStepViewController",
        "mangledName": "$s18UserDefaultsPlugin29SaveDefaultStepViewControllerC",
        "moduleName": "UserDefaultsPlugin",
        "declAttributes": [
          "Custom",
          "AccessControl",
          "ObjC"
        ],
        "superclassUsr": "c:@M@MobileWorkflowCore@objc(cs)MWLoadingStepViewController",
        "inheritsConvenienceInitializers": true,
        "superclassNames": [
          "MobileWorkflowCore.MWLoadingStepViewController",
          "MobileWorkflowCore.MWStepViewController",
          "UIKit.UIViewController",
          "UIKit.UIResponder",
          "ObjectiveC.NSObject"
        ],
        "conformances": [
          {
            "kind": "Conformance",
            "name": "StepViewController",
            "printedName": "StepViewController",
            "usr": "s:18MobileWorkflowCore18StepViewControllerP",
            "mangledName": "$s18MobileWorkflowCore18StepViewControllerP"
          },
          {
            "kind": "Conformance",
            "name": "Equatable",
            "printedName": "Equatable",
            "usr": "s:SQ",
            "mangledName": "$sSQ"
          },
          {
            "kind": "Conformance",
            "name": "Hashable",
            "printedName": "Hashable",
            "usr": "s:SH",
            "mangledName": "$sSH"
          },
          {
            "kind": "Conformance",
            "name": "CVarArg",
            "printedName": "CVarArg",
            "usr": "s:s7CVarArgP",
            "mangledName": "$ss7CVarArgP"
          },
          {
            "kind": "Conformance",
            "name": "_KeyValueCodingAndObservingPublishing",
            "printedName": "_KeyValueCodingAndObservingPublishing",
            "usr": "s:10Foundation37_KeyValueCodingAndObservingPublishingP",
            "mangledName": "$s10Foundation37_KeyValueCodingAndObservingPublishingP"
          },
          {
            "kind": "Conformance",
            "name": "_KeyValueCodingAndObserving",
            "printedName": "_KeyValueCodingAndObserving",
            "usr": "s:10Foundation27_KeyValueCodingAndObservingP",
            "mangledName": "$s10Foundation27_KeyValueCodingAndObservingP"
          },
          {
            "kind": "Conformance",
            "name": "CustomStringConvertible",
            "printedName": "CustomStringConvertible",
            "usr": "s:s23CustomStringConvertibleP",
            "mangledName": "$ss23CustomStringConvertibleP"
          },
          {
            "kind": "Conformance",
            "name": "CustomDebugStringConvertible",
            "printedName": "CustomDebugStringConvertible",
            "usr": "s:s28CustomDebugStringConvertibleP",
            "mangledName": "$ss28CustomDebugStringConvertibleP"
          }
        ]
      },
      {
        "kind": "Import",
        "name": "Foundation",
        "printedName": "Foundation",
        "declKind": "Import",
        "moduleName": "UserDefaultsPlugin",
        "declAttributes": [
          "RawDocComment"
        ]
      },
      {
        "kind": "Import",
        "name": "MobileWorkflowCore",
        "printedName": "MobileWorkflowCore",
        "declKind": "Import",
        "moduleName": "UserDefaultsPlugin"
      },
      {
        "kind": "TypeDecl",
        "name": "UserDefaultsPluginStruct",
        "printedName": "UserDefaultsPluginStruct",
        "children": [
          {
            "kind": "Var",
            "name": "allStepsTypes",
            "printedName": "allStepsTypes",
            "children": [
              {
                "kind": "TypeNominal",
                "name": "Array",
                "printedName": "[MobileWorkflowCore.StepType]",
                "children": [
                  {
                    "kind": "TypeNominal",
                    "name": "StepType",
                    "printedName": "MobileWorkflowCore.StepType",
                    "usr": "s:18MobileWorkflowCore8StepTypeP"
                  }
                ],
                "usr": "s:Sa"
              }
            ],
            "declKind": "Var",
            "usr": "s:18UserDefaultsPlugin0abC6StructV13allStepsTypesSay18MobileWorkflowCore8StepType_pGvpZ",
            "mangledName": "$s18UserDefaultsPlugin0abC6StructV13allStepsTypesSay18MobileWorkflowCore8StepType_pGvpZ",
            "moduleName": "UserDefaultsPlugin",
            "static": true,
            "declAttributes": [
              "AccessControl"
            ],
            "accessors": [
              {
                "kind": "Accessor",
                "name": "Get",
                "printedName": "Get()",
                "children": [
                  {
                    "kind": "TypeNominal",
                    "name": "Array",
                    "printedName": "[MobileWorkflowCore.StepType]",
                    "children": [
                      {
                        "kind": "TypeNominal",
                        "name": "StepType",
                        "printedName": "MobileWorkflowCore.StepType",
                        "usr": "s:18MobileWorkflowCore8StepTypeP"
                      }
                    ],
                    "usr": "s:Sa"
                  }
                ],
                "declKind": "Accessor",
                "usr": "s:18UserDefaultsPlugin0abC6StructV13allStepsTypesSay18MobileWorkflowCore8StepType_pGvgZ",
                "mangledName": "$s18UserDefaultsPlugin0abC6StructV13allStepsTypesSay18MobileWorkflowCore8StepType_pGvgZ",
                "moduleName": "UserDefaultsPlugin",
                "static": true,
                "accessorKind": "get"
              }
            ]
          }
        ],
        "declKind": "Struct",
        "usr": "s:18UserDefaultsPlugin0abC6StructV",
        "mangledName": "$s18UserDefaultsPlugin0abC6StructV",
        "moduleName": "UserDefaultsPlugin",
        "declAttributes": [
          "AccessControl"
        ],
        "conformances": [
          {
            "kind": "Conformance",
            "name": "Plugin",
            "printedName": "Plugin",
            "usr": "s:18MobileWorkflowCore6PluginP",
            "mangledName": "$s18MobileWorkflowCore6PluginP"
          }
        ]
      }
    ],
    "json_format_version": 8
  },
  "ConstValues": [
    {
      "filePath": "\/Users\/vagrant\/git\/project\/UserDefaultsPlugin\/UserDefaultsPlugin\/LoadDefaultStep.swift",
      "kind": "StringLiteral",
      "offset": 132,
      "length": 15,
      "value": "\"UserDefaultsPlugin.LoadDefaultStep\""
    },
    {
      "filePath": "\/Users\/vagrant\/git\/project\/UserDefaultsPlugin\/UserDefaultsPlugin\/LoadDefaultStep.swift",
      "kind": "StringLiteral",
      "offset": 638,
      "length": 5,
      "value": "\"key\""
    },
    {
      "filePath": "\/Users\/vagrant\/git\/project\/UserDefaultsPlugin\/UserDefaultsPlugin\/LoadDefaultStep.swift",
      "kind": "StringLiteral",
      "offset": 788,
      "length": 5,
      "value": "\"key\""
    },
    {
      "filePath": "\/Users\/vagrant\/git\/project\/UserDefaultsPlugin\/UserDefaultsPlugin\/LoadDefaultStep.swift",
      "kind": "StringLiteral",
      "offset": 865,
      "length": 34,
      "value": "\"Mandatory key property not found\""
    },
    {
      "filePath": "\/Users\/vagrant\/git\/project\/UserDefaultsPlugin\/UserDefaultsPlugin\/LoadDefaultStep.swift",
      "kind": "IntegerLiteral",
      "offset": 1307,
      "length": 1,
      "value": "1"
    },
    {
      "filePath": "\/Users\/vagrant\/git\/project\/UserDefaultsPlugin\/UserDefaultsPlugin\/LoadDefaultStep.swift",
      "kind": "BooleanLiteral",
      "offset": 1585,
      "length": 4,
      "value": "true"
    },
    {
      "filePath": "\/Users\/vagrant\/git\/project\/UserDefaultsPlugin\/UserDefaultsPlugin\/LoadDefaultStep.swift",
      "kind": "BooleanLiteral",
      "offset": 1675,
      "length": 5,
      "value": "false"
    },
    {
      "filePath": "\/Users\/vagrant\/git\/project\/UserDefaultsPlugin\/UserDefaultsPlugin\/LoadDefaultStep.swift",
      "kind": "BooleanLiteral",
      "offset": 1731,
      "length": 5,
      "value": "false"
    },
    {
      "filePath": "\/Users\/vagrant\/git\/project\/UserDefaultsPlugin\/UserDefaultsPlugin\/ResetDefaultsStep.swift",
      "kind": "IntegerLiteral",
      "offset": 749,
      "length": 1,
      "value": "1"
    },
    {
      "filePath": "\/Users\/vagrant\/git\/project\/UserDefaultsPlugin\/UserDefaultsPlugin\/ResetDefaultsStep.swift",
      "kind": "BooleanLiteral",
      "offset": 904,
      "length": 4,
      "value": "true"
    },
    {
      "filePath": "\/Users\/vagrant\/git\/project\/UserDefaultsPlugin\/UserDefaultsPlugin\/ResetDefaultsStep.swift",
      "kind": "BooleanLiteral",
      "offset": 994,
      "length": 5,
      "value": "false"
    },
    {
      "filePath": "\/Users\/vagrant\/git\/project\/UserDefaultsPlugin\/UserDefaultsPlugin\/ResetDefaultsStep.swift",
      "kind": "BooleanLiteral",
      "offset": 1050,
      "length": 5,
      "value": "false"
    },
    {
      "filePath": "\/Users\/vagrant\/git\/project\/UserDefaultsPlugin\/UserDefaultsPlugin\/SaveDefaultStep.swift",
      "kind": "StringLiteral",
      "offset": 132,
      "length": 15,
      "value": "\"UserDefaultsPlugin.SaveDefaultStep\""
    },
    {
      "filePath": "\/Users\/vagrant\/git\/project\/UserDefaultsPlugin\/UserDefaultsPlugin\/SaveDefaultStep.swift",
      "kind": "StringLiteral",
      "offset": 702,
      "length": 5,
      "value": "\"key\""
    },
    {
      "filePath": "\/Users\/vagrant\/git\/project\/UserDefaultsPlugin\/UserDefaultsPlugin\/SaveDefaultStep.swift",
      "kind": "StringLiteral",
      "offset": 709,
      "length": 7,
      "value": "\"value\""
    },
    {
      "filePath": "\/Users\/vagrant\/git\/project\/UserDefaultsPlugin\/UserDefaultsPlugin\/SaveDefaultStep.swift",
      "kind": "StringLiteral",
      "offset": 863,
      "length": 7,
      "value": "\"value\""
    },
    {
      "filePath": "\/Users\/vagrant\/git\/project\/UserDefaultsPlugin\/UserDefaultsPlugin\/SaveDefaultStep.swift",
      "kind": "StringLiteral",
      "offset": 942,
      "length": 36,
      "value": "\"Mandatory value property not found\""
    },
    {
      "filePath": "\/Users\/vagrant\/git\/project\/UserDefaultsPlugin\/UserDefaultsPlugin\/SaveDefaultStep.swift",
      "kind": "StringLiteral",
      "offset": 1045,
      "length": 5,
      "value": "\"key\""
    },
    {
      "filePath": "\/Users\/vagrant\/git\/project\/UserDefaultsPlugin\/UserDefaultsPlugin\/SaveDefaultStep.swift",
      "kind": "StringLiteral",
      "offset": 1122,
      "length": 34,
      "value": "\"Mandatory key property not found\""
    },
    {
      "filePath": "\/Users\/vagrant\/git\/project\/UserDefaultsPlugin\/UserDefaultsPlugin\/SaveDefaultStep.swift",
      "kind": "IntegerLiteral",
      "offset": 1578,
      "length": 1,
      "value": "1"
    },
    {
      "filePath": "\/Users\/vagrant\/git\/project\/UserDefaultsPlugin\/UserDefaultsPlugin\/SaveDefaultStep.swift",
      "kind": "BooleanLiteral",
      "offset": 1901,
      "length": 4,
      "value": "true"
    },
    {
      "filePath": "\/Users\/vagrant\/git\/project\/UserDefaultsPlugin\/UserDefaultsPlugin\/SaveDefaultStep.swift",
      "kind": "BooleanLiteral",
      "offset": 1991,
      "length": 5,
      "value": "false"
    },
    {
      "filePath": "\/Users\/vagrant\/git\/project\/UserDefaultsPlugin\/UserDefaultsPlugin\/SaveDefaultStep.swift",
      "kind": "BooleanLiteral",
      "offset": 2047,
      "length": 5,
      "value": "false"
    },
    {
      "filePath": "\/Users\/vagrant\/git\/project\/UserDefaultsPlugin\/UserDefaultsPlugin\/UserDefaultsPluginStruct.swift",
      "kind": "StringLiteral",
      "offset": 337,
      "length": 39,
      "value": "\"io.app-rail.userdefaults.save-default\""
    },
    {
      "filePath": "\/Users\/vagrant\/git\/project\/UserDefaultsPlugin\/UserDefaultsPlugin\/UserDefaultsPluginStruct.swift",
      "kind": "StringLiteral",
      "offset": 394,
      "length": 39,
      "value": "\"io.app-rail.userdefaults.load-default\""
    },
    {
      "filePath": "\/Users\/vagrant\/git\/project\/UserDefaultsPlugin\/UserDefaultsPlugin\/UserDefaultsPluginStruct.swift",
      "kind": "StringLiteral",
      "offset": 451,
      "length": 41,
      "value": "\"io.app-rail.userdefaults.reset-defaults\""
    },
    {
      "filePath": "\/Users\/vagrant\/git\/project\/UserDefaultsPlugin\/UserDefaultsPlugin\/UserDefaultsPluginStruct.swift",
      "kind": "StringLiteral",
      "offset": 337,
      "length": 39,
      "value": "\"io.app-rail.userdefaults.save-default\""
    },
    {
      "filePath": "\/Users\/vagrant\/git\/project\/UserDefaultsPlugin\/UserDefaultsPlugin\/UserDefaultsPluginStruct.swift",
      "kind": "StringLiteral",
      "offset": 394,
      "length": 39,
      "value": "\"io.app-rail.userdefaults.load-default\""
    },
    {
      "filePath": "\/Users\/vagrant\/git\/project\/UserDefaultsPlugin\/UserDefaultsPlugin\/UserDefaultsPluginStruct.swift",
      "kind": "StringLiteral",
      "offset": 451,
      "length": 41,
      "value": "\"io.app-rail.userdefaults.reset-defaults\""
    }
  ]
}