{
  "ABIRoot": {
    "kind": "Root",
    "name": "TopLevel",
    "printedName": "TopLevel",
    "children": [
      {
        "kind": "Import",
        "name": "Foundation",
        "printedName": "Foundation",
        "declKind": "Import",
        "moduleName": "KingstonCouncilGeneralPlugin",
        "declAttributes": [
          "RawDocComment"
        ]
      },
      {
        "kind": "TypeDecl",
        "name": "BinCollectionItem",
        "printedName": "BinCollectionItem",
        "children": [
          {
            "kind": "Var",
            "name": "id",
            "printedName": "id",
            "children": [
              {
                "kind": "TypeNominal",
                "name": "String",
                "printedName": "Swift.String",
                "usr": "s:SS"
              }
            ],
            "declKind": "Var",
            "usr": "s:28KingstonCouncilGeneralPlugin17BinCollectionItemV2idSSvp",
            "mangledName": "$s28KingstonCouncilGeneralPlugin17BinCollectionItemV2idSSvp",
            "moduleName": "KingstonCouncilGeneralPlugin",
            "declAttributes": [
              "HasStorage",
              "AccessControl"
            ],
            "isLet": true,
            "hasStorage": true,
            "accessors": [
              {
                "kind": "Accessor",
                "name": "Get",
                "printedName": "Get()",
                "children": [
                  {
                    "kind": "TypeNominal",
                    "name": "String",
                    "printedName": "Swift.String",
                    "usr": "s:SS"
                  }
                ],
                "declKind": "Accessor",
                "usr": "s:28KingstonCouncilGeneralPlugin17BinCollectionItemV2idSSvg",
                "mangledName": "$s28KingstonCouncilGeneralPlugin17BinCollectionItemV2idSSvg",
                "moduleName": "KingstonCouncilGeneralPlugin",
                "implicit": true,
                "accessorKind": "get"
              }
            ]
          },
          {
            "kind": "Var",
            "name": "name",
            "printedName": "name",
            "children": [
              {
                "kind": "TypeNominal",
                "name": "String",
                "printedName": "Swift.String",
                "usr": "s:SS"
              }
            ],
            "declKind": "Var",
            "usr": "s:28KingstonCouncilGeneralPlugin17BinCollectionItemV4nameSSvp",
            "mangledName": "$s28KingstonCouncilGeneralPlugin17BinCollectionItemV4nameSSvp",
            "moduleName": "KingstonCouncilGeneralPlugin",
            "declAttributes": [
              "HasStorage",
              "AccessControl"
            ],
            "isLet": true,
            "hasStorage": true,
            "accessors": [
              {
                "kind": "Accessor",
                "name": "Get",
                "printedName": "Get()",
                "children": [
                  {
                    "kind": "TypeNominal",
                    "name": "String",
                    "printedName": "Swift.String",
                    "usr": "s:SS"
                  }
                ],
                "declKind": "Accessor",
                "usr": "s:28KingstonCouncilGeneralPlugin17BinCollectionItemV4nameSSvg",
                "mangledName": "$s28KingstonCouncilGeneralPlugin17BinCollectionItemV4nameSSvg",
                "moduleName": "KingstonCouncilGeneralPlugin",
                "implicit": true,
                "accessorKind": "get"
              }
            ]
          },
          {
            "kind": "Var",
            "name": "scheduleDescription",
            "printedName": "scheduleDescription",
            "children": [
              {
                "kind": "TypeNominal",
                "name": "String",
                "printedName": "Swift.String",
                "usr": "s:SS"
              }
            ],
            "declKind": "Var",
            "usr": "s:28KingstonCouncilGeneralPlugin17BinCollectionItemV19scheduleDescriptionSSvp",
            "mangledName": "$s28KingstonCouncilGeneralPlugin17BinCollectionItemV19scheduleDescriptionSSvp",
            "moduleName": "KingstonCouncilGeneralPlugin",
            "declAttributes": [
              "HasStorage",
              "AccessControl"
            ],
            "isLet": true,
            "hasStorage": true,
            "accessors": [
              {
                "kind": "Accessor",
                "name": "Get",
                "printedName": "Get()",
                "children": [
                  {
                    "kind": "TypeNominal",
                    "name": "String",
                    "printedName": "Swift.String",
                    "usr": "s:SS"
                  }
                ],
                "declKind": "Accessor",
                "usr": "s:28KingstonCouncilGeneralPlugin17BinCollectionItemV19scheduleDescriptionSSvg",
                "mangledName": "$s28KingstonCouncilGeneralPlugin17BinCollectionItemV19scheduleDescriptionSSvg",
                "moduleName": "KingstonCouncilGeneralPlugin",
                "implicit": true,
                "accessorKind": "get"
              }
            ]
          },
          {
            "kind": "Var",
            "name": "nextCollectionDate",
            "printedName": "nextCollectionDate",
            "children": [
              {
                "kind": "TypeNominal",
                "name": "String",
                "printedName": "Swift.String",
                "usr": "s:SS"
              }
            ],
            "declKind": "Var",
            "usr": "s:28KingstonCouncilGeneralPlugin17BinCollectionItemV04nextF4DateSSvp",
            "mangledName": "$s28KingstonCouncilGeneralPlugin17BinCollectionItemV04nextF4DateSSvp",
            "moduleName": "KingstonCouncilGeneralPlugin",
            "declAttributes": [
              "HasStorage",
              "AccessControl"
            ],
            "isLet": true,
            "hasStorage": true,
            "accessors": [
              {
                "kind": "Accessor",
                "name": "Get",
                "printedName": "Get()",
                "children": [
                  {
                    "kind": "TypeNominal",
                    "name": "String",
                    "printedName": "Swift.String",
                    "usr": "s:SS"
                  }
                ],
                "declKind": "Accessor",
                "usr": "s:28KingstonCouncilGeneralPlugin17BinCollectionItemV04nextF4DateSSvg",
                "mangledName": "$s28KingstonCouncilGeneralPlugin17BinCollectionItemV04nextF4DateSSvg",
                "moduleName": "KingstonCouncilGeneralPlugin",
                "implicit": true,
                "accessorKind": "get"
              }
            ]
          },
          {
            "kind": "Var",
            "name": "lastCollectionDate",
            "printedName": "lastCollectionDate",
            "children": [
              {
                "kind": "TypeNominal",
                "name": "String",
                "printedName": "Swift.String",
                "usr": "s:SS"
              }
            ],
            "declKind": "Var",
            "usr": "s:28KingstonCouncilGeneralPlugin17BinCollectionItemV04lastF4DateSSvp",
            "mangledName": "$s28KingstonCouncilGeneralPlugin17BinCollectionItemV04lastF4DateSSvp",
            "moduleName": "KingstonCouncilGeneralPlugin",
            "declAttributes": [
              "HasStorage",
              "AccessControl"
            ],
            "isLet": true,
            "hasStorage": true,
            "accessors": [
              {
                "kind": "Accessor",
                "name": "Get",
                "printedName": "Get()",
                "children": [
                  {
                    "kind": "TypeNominal",
                    "name": "String",
                    "printedName": "Swift.String",
                    "usr": "s:SS"
                  }
                ],
                "declKind": "Accessor",
                "usr": "s:28KingstonCouncilGeneralPlugin17BinCollectionItemV04lastF4DateSSvg",
                "mangledName": "$s28KingstonCouncilGeneralPlugin17BinCollectionItemV04lastF4DateSSvg",
                "moduleName": "KingstonCouncilGeneralPlugin",
                "implicit": true,
                "accessorKind": "get"
              }
            ]
          },
          {
            "kind": "Var",
            "name": "recentlyCollected",
            "printedName": "recentlyCollected",
            "children": [
              {
                "kind": "TypeNominal",
                "name": "Bool",
                "printedName": "Swift.Bool",
                "usr": "s:Sb"
              }
            ],
            "declKind": "Var",
            "usr": "s:28KingstonCouncilGeneralPlugin17BinCollectionItemV17recentlyCollectedSbvp",
            "mangledName": "$s28KingstonCouncilGeneralPlugin17BinCollectionItemV17recentlyCollectedSbvp",
            "moduleName": "KingstonCouncilGeneralPlugin",
            "declAttributes": [
              "HasStorage",
              "AccessControl"
            ],
            "isLet": true,
            "hasStorage": true,
            "accessors": [
              {
                "kind": "Accessor",
                "name": "Get",
                "printedName": "Get()",
                "children": [
                  {
                    "kind": "TypeNominal",
                    "name": "Bool",
                    "printedName": "Swift.Bool",
                    "usr": "s:Sb"
                  }
                ],
                "declKind": "Accessor",
                "usr": "s:28KingstonCouncilGeneralPlugin17BinCollectionItemV17recentlyCollectedSbvg",
                "mangledName": "$s28KingstonCouncilGeneralPlugin17BinCollectionItemV17recentlyCollectedSbvg",
                "moduleName": "KingstonCouncilGeneralPlugin",
                "implicit": true,
                "accessorKind": "get"
              }
            ]
          },
          {
            "kind": "Var",
            "name": "expectedSoon",
            "printedName": "expectedSoon",
            "children": [
              {
                "kind": "TypeNominal",
                "name": "Bool",
                "printedName": "Swift.Bool",
                "usr": "s:Sb"
              }
            ],
            "declKind": "Var",
            "usr": "s:28KingstonCouncilGeneralPlugin17BinCollectionItemV12expectedSoonSbvp",
            "mangledName": "$s28KingstonCouncilGeneralPlugin17BinCollectionItemV12expectedSoonSbvp",
            "moduleName": "KingstonCouncilGeneralPlugin",
            "declAttributes": [
              "HasStorage",
              "AccessControl"
            ],
            "isLet": true,
            "hasStorage": true,
            "accessors": [
              {
                "kind": "Accessor",
                "name": "Get",
                "printedName": "Get()",
                "children": [
                  {
                    "kind": "TypeNominal",
                    "name": "Bool",
                    "printedName": "Swift.Bool",
                    "usr": "s:Sb"
                  }
                ],
                "declKind": "Accessor",
                "usr": "s:28KingstonCouncilGeneralPlugin17BinCollectionItemV12expectedSoonSbvg",
                "mangledName": "$s28KingstonCouncilGeneralPlugin17BinCollectionItemV12expectedSoonSbvg",
                "moduleName": "KingstonCouncilGeneralPlugin",
                "implicit": true,
                "accessorKind": "get"
              }
            ]
          },
          {
            "kind": "Constructor",
            "name": "init",
            "printedName": "init(from:)",
            "children": [
              {
                "kind": "TypeNominal",
                "name": "BinCollectionItem",
                "printedName": "KingstonCouncilGeneralPlugin.BinCollectionItem",
                "usr": "s:28KingstonCouncilGeneralPlugin17BinCollectionItemV"
              },
              {
                "kind": "TypeNominal",
                "name": "Decoder",
                "printedName": "Swift.Decoder",
                "usr": "s:s7DecoderP"
              }
            ],
            "declKind": "Constructor",
            "usr": "s:28KingstonCouncilGeneralPlugin17BinCollectionItemV4fromACs7Decoder_p_tKcfc",
            "mangledName": "$s28KingstonCouncilGeneralPlugin17BinCollectionItemV4fromACs7Decoder_p_tKcfc",
            "moduleName": "KingstonCouncilGeneralPlugin",
            "implicit": true,
            "throwing": true,
            "init_kind": "Designated"
          },
          {
            "kind": "Function",
            "name": "encode",
            "printedName": "encode(to:)",
            "children": [
              {
                "kind": "TypeNominal",
                "name": "Void",
                "printedName": "()"
              },
              {
                "kind": "TypeNominal",
                "name": "Encoder",
                "printedName": "Swift.Encoder",
                "usr": "s:s7EncoderP"
              }
            ],
            "declKind": "Func",
            "usr": "s:28KingstonCouncilGeneralPlugin17BinCollectionItemV6encode2toys7Encoder_p_tKF",
            "mangledName": "$s28KingstonCouncilGeneralPlugin17BinCollectionItemV6encode2toys7Encoder_p_tKF",
            "moduleName": "KingstonCouncilGeneralPlugin",
            "implicit": true,
            "throwing": true,
            "funcSelfKind": "NonMutating"
          }
        ],
        "declKind": "Struct",
        "usr": "s:28KingstonCouncilGeneralPlugin17BinCollectionItemV",
        "mangledName": "$s28KingstonCouncilGeneralPlugin17BinCollectionItemV",
        "moduleName": "KingstonCouncilGeneralPlugin",
        "declAttributes": [
          "AccessControl"
        ],
        "conformances": [
          {
            "kind": "Conformance",
            "name": "Decodable",
            "printedName": "Decodable",
            "usr": "s:Se",
            "mangledName": "$sSe"
          },
          {
            "kind": "Conformance",
            "name": "Encodable",
            "printedName": "Encodable",
            "usr": "s:SE",
            "mangledName": "$sSE"
          },
          {
            "kind": "Conformance",
            "name": "Identifiable",
            "printedName": "Identifiable",
            "children": [
              {
                "kind": "TypeWitness",
                "name": "ID",
                "printedName": "ID",
                "children": [
                  {
                    "kind": "TypeNominal",
                    "name": "String",
                    "printedName": "Swift.String",
                    "usr": "s:SS"
                  }
                ]
              }
            ],
            "usr": "s:s12IdentifiableP",
            "mangledName": "$ss12IdentifiableP"
          }
        ]
      },
      {
        "kind": "Import",
        "name": "Foundation",
        "printedName": "Foundation",
        "declKind": "Import",
        "moduleName": "KingstonCouncilGeneralPlugin",
        "declAttributes": [
          "RawDocComment"
        ]
      },
      {
        "kind": "Import",
        "name": "MobileWorkflowCore",
        "printedName": "MobileWorkflowCore",
        "declKind": "Import",
        "moduleName": "KingstonCouncilGeneralPlugin"
      },
      {
        "kind": "TypeDecl",
        "name": "KingstonCouncilGeneralPluginStruct",
        "printedName": "KingstonCouncilGeneralPluginStruct",
        "children": [
          {
            "kind": "Var",
            "name": "allStepsTypes",
            "printedName": "allStepsTypes",
            "children": [
              {
                "kind": "TypeNominal",
                "name": "Array",
                "printedName": "[MobileWorkflowCore.StepType]",
                "children": [
                  {
                    "kind": "TypeNominal",
                    "name": "StepType",
                    "printedName": "MobileWorkflowCore.StepType",
                    "usr": "s:18MobileWorkflowCore8StepTypeP"
                  }
                ],
                "usr": "s:Sa"
              }
            ],
            "declKind": "Var",
            "usr": "s:28KingstonCouncilGeneralPlugin0abcD6StructV13allStepsTypesSay18MobileWorkflowCore8StepType_pGvpZ",
            "mangledName": "$s28KingstonCouncilGeneralPlugin0abcD6StructV13allStepsTypesSay18MobileWorkflowCore8StepType_pGvpZ",
            "moduleName": "KingstonCouncilGeneralPlugin",
            "static": true,
            "declAttributes": [
              "AccessControl"
            ],
            "accessors": [
              {
                "kind": "Accessor",
                "name": "Get",
                "printedName": "Get()",
                "children": [
                  {
                    "kind": "TypeNominal",
                    "name": "Array",
                    "printedName": "[MobileWorkflowCore.StepType]",
                    "children": [
                      {
                        "kind": "TypeNominal",
                        "name": "StepType",
                        "printedName": "MobileWorkflowCore.StepType",
                        "usr": "s:18MobileWorkflowCore8StepTypeP"
                      }
                    ],
                    "usr": "s:Sa"
                  }
                ],
                "declKind": "Accessor",
                "usr": "s:28KingstonCouncilGeneralPlugin0abcD6StructV13allStepsTypesSay18MobileWorkflowCore8StepType_pGvgZ",
                "mangledName": "$s28KingstonCouncilGeneralPlugin0abcD6StructV13allStepsTypesSay18MobileWorkflowCore8StepType_pGvgZ",
                "moduleName": "KingstonCouncilGeneralPlugin",
                "static": true,
                "accessorKind": "get"
              }
            ]
          }
        ],
        "declKind": "Struct",
        "usr": "s:28KingstonCouncilGeneralPlugin0abcD6StructV",
        "mangledName": "$s28KingstonCouncilGeneralPlugin0abcD6StructV",
        "moduleName": "KingstonCouncilGeneralPlugin",
        "declAttributes": [
          "AccessControl"
        ],
        "conformances": [
          {
            "kind": "Conformance",
            "name": "Plugin",
            "printedName": "Plugin",
            "usr": "s:18MobileWorkflowCore6PluginP",
            "mangledName": "$s18MobileWorkflowCore6PluginP"
          }
        ]
      },
      {
        "kind": "Import",
        "name": "Foundation",
        "printedName": "Foundation",
        "declKind": "Import",
        "moduleName": "KingstonCouncilGeneralPlugin",
        "declAttributes": [
          "RawDocComment"
        ]
      },
      {
        "kind": "Import",
        "name": "MobileWorkflowCore",
        "printedName": "MobileWorkflowCore",
        "declKind": "Import",
        "moduleName": "KingstonCouncilGeneralPlugin"
      },
      {
        "kind": "Import",
        "name": "SwiftUI",
        "printedName": "SwiftUI",
        "declKind": "Import",
        "moduleName": "KingstonCouncilGeneralPlugin"
      },
      {
        "kind": "TypeDecl",
        "name": "RestBinCollectionsScheduleStep",
        "printedName": "RestBinCollectionsScheduleStep",
        "children": [
          {
            "kind": "Constructor",
            "name": "init",
            "printedName": "init(identifier:session:services:url:)",
            "children": [
              {
                "kind": "TypeNominal",
                "name": "RestBinCollectionsScheduleStep",
                "printedName": "KingstonCouncilGeneralPlugin.RestBinCollectionsScheduleStep",
                "usr": "s:28KingstonCouncilGeneralPlugin30RestBinCollectionsScheduleStepC"
              },
              {
                "kind": "TypeNominal",
                "name": "String",
                "printedName": "Swift.String",
                "usr": "s:SS"
              },
              {
                "kind": "TypeNominal",
                "name": "Session",
                "printedName": "MobileWorkflowCore.Session",
                "usr": "s:18MobileWorkflowCore7SessionC"
              },
              {
                "kind": "TypeNominal",
                "name": "StepServices",
                "printedName": "MobileWorkflowCore.StepServices",
                "usr": "s:18MobileWorkflowCore12StepServicesC"
              },
              {
                "kind": "TypeNominal",
                "name": "String",
                "printedName": "Swift.String",
                "usr": "s:SS"
              }
            ],
            "declKind": "Constructor",
            "usr": "s:28KingstonCouncilGeneralPlugin30RestBinCollectionsScheduleStepC10identifier7session8services3urlACSS_18MobileWorkflowCore7SessionCAH0I8ServicesCSStcfc",
            "mangledName": "$s28KingstonCouncilGeneralPlugin30RestBinCollectionsScheduleStepC10identifier7session8services3urlACSS_18MobileWorkflowCore7SessionCAH0I8ServicesCSStcfc",
            "moduleName": "KingstonCouncilGeneralPlugin",
            "declAttributes": [
              "AccessControl"
            ],
            "init_kind": "Designated"
          },
          {
            "kind": "Function",
            "name": "instantiateViewController",
            "printedName": "instantiateViewController()",
            "children": [
              {
                "kind": "TypeNominal",
                "name": "StepViewController",
                "printedName": "MobileWorkflowCore.StepViewController",
                "usr": "s:18MobileWorkflowCore18StepViewControllerP"
              }
            ],
            "declKind": "Func",
            "usr": "s:28KingstonCouncilGeneralPlugin30RestBinCollectionsScheduleStepC25instantiateViewController18MobileWorkflowCore0ikL0_pyF",
            "mangledName": "$s28KingstonCouncilGeneralPlugin30RestBinCollectionsScheduleStepC25instantiateViewController18MobileWorkflowCore0ikL0_pyF",
            "moduleName": "KingstonCouncilGeneralPlugin",
            "overriding": true,
            "declAttributes": [
              "Override",
              "AccessControl"
            ],
            "funcSelfKind": "NonMutating"
          },
          {
            "kind": "Constructor",
            "name": "init",
            "printedName": "init(identifier:session:services:)",
            "children": [
              {
                "kind": "TypeNominal",
                "name": "RestBinCollectionsScheduleStep",
                "printedName": "KingstonCouncilGeneralPlugin.RestBinCollectionsScheduleStep",
                "usr": "s:28KingstonCouncilGeneralPlugin30RestBinCollectionsScheduleStepC"
              },
              {
                "kind": "TypeNominal",
                "name": "String",
                "printedName": "Swift.String",
                "usr": "s:SS"
              },
              {
                "kind": "TypeNominal",
                "name": "Session",
                "printedName": "MobileWorkflowCore.Session",
                "usr": "s:18MobileWorkflowCore7SessionC"
              },
              {
                "kind": "TypeNominal",
                "name": "StepServices",
                "printedName": "MobileWorkflowCore.StepServices",
                "usr": "s:18MobileWorkflowCore12StepServicesC"
              }
            ],
            "declKind": "Constructor",
            "usr": "s:28KingstonCouncilGeneralPlugin30RestBinCollectionsScheduleStepC10identifier7session8servicesACSS_18MobileWorkflowCore7SessionCAG0I8ServicesCtcfc",
            "mangledName": "$s28KingstonCouncilGeneralPlugin30RestBinCollectionsScheduleStepC10identifier7session8servicesACSS_18MobileWorkflowCore7SessionCAG0I8ServicesCtcfc",
            "moduleName": "KingstonCouncilGeneralPlugin",
            "overriding": true,
            "implicit": true,
            "declAttributes": [
              "Override"
            ],
            "init_kind": "Designated"
          },
          {
            "kind": "Var",
            "name": "mandatoryCodingPaths",
            "printedName": "mandatoryCodingPaths",
            "children": [
              {
                "kind": "TypeNominal",
                "name": "Array",
                "printedName": "[Swift.CodingKey]",
                "children": [
                  {
                    "kind": "TypeNominal",
                    "name": "CodingKey",
                    "printedName": "Swift.CodingKey",
                    "usr": "s:s9CodingKeyP"
                  }
                ],
                "usr": "s:Sa"
              }
            ],
            "declKind": "Var",
            "usr": "s:28KingstonCouncilGeneralPlugin30RestBinCollectionsScheduleStepC20mandatoryCodingPathsSays0K3Key_pGvpZ",
            "mangledName": "$s28KingstonCouncilGeneralPlugin30RestBinCollectionsScheduleStepC20mandatoryCodingPathsSays0K3Key_pGvpZ",
            "moduleName": "KingstonCouncilGeneralPlugin",
            "static": true,
            "declAttributes": [
              "Final",
              "AccessControl"
            ],
            "isFromExtension": true,
            "accessors": [
              {
                "kind": "Accessor",
                "name": "Get",
                "printedName": "Get()",
                "children": [
                  {
                    "kind": "TypeNominal",
                    "name": "Array",
                    "printedName": "[Swift.CodingKey]",
                    "children": [
                      {
                        "kind": "TypeNominal",
                        "name": "CodingKey",
                        "printedName": "Swift.CodingKey",
                        "usr": "s:s9CodingKeyP"
                      }
                    ],
                    "usr": "s:Sa"
                  }
                ],
                "declKind": "Accessor",
                "usr": "s:28KingstonCouncilGeneralPlugin30RestBinCollectionsScheduleStepC20mandatoryCodingPathsSays0K3Key_pGvgZ",
                "mangledName": "$s28KingstonCouncilGeneralPlugin30RestBinCollectionsScheduleStepC20mandatoryCodingPathsSays0K3Key_pGvgZ",
                "moduleName": "KingstonCouncilGeneralPlugin",
                "static": true,
                "declAttributes": [
                  "Final"
                ],
                "isFromExtension": true,
                "accessorKind": "get"
              }
            ]
          },
          {
            "kind": "Function",
            "name": "build",
            "printedName": "build(stepInfo:services:)",
            "children": [
              {
                "kind": "TypeNominal",
                "name": "Step",
                "printedName": "MobileWorkflowCore.Step",
                "usr": "s:18MobileWorkflowCore4StepP"
              },
              {
                "kind": "TypeNominal",
                "name": "StepInfo",
                "printedName": "MobileWorkflowCore.StepInfo",
                "usr": "s:18MobileWorkflowCore8StepInfoV"
              },
              {
                "kind": "TypeNominal",
                "name": "StepServices",
                "printedName": "MobileWorkflowCore.StepServices",
                "usr": "s:18MobileWorkflowCore12StepServicesC"
              }
            ],
            "declKind": "Func",
            "usr": "s:28KingstonCouncilGeneralPlugin30RestBinCollectionsScheduleStepC5build8stepInfo8services18MobileWorkflowCore0I0_pAG0iL0V_AG0I8ServicesCtKFZ",
            "mangledName": "$s28KingstonCouncilGeneralPlugin30RestBinCollectionsScheduleStepC5build8stepInfo8services18MobileWorkflowCore0I0_pAG0iL0V_AG0I8ServicesCtKFZ",
            "moduleName": "KingstonCouncilGeneralPlugin",
            "static": true,
            "declAttributes": [
              "Final",
              "AccessControl"
            ],
            "isFromExtension": true,
            "throwing": true,
            "funcSelfKind": "NonMutating"
          }
        ],
        "declKind": "Class",
        "usr": "s:28KingstonCouncilGeneralPlugin30RestBinCollectionsScheduleStepC",
        "mangledName": "$s28KingstonCouncilGeneralPlugin30RestBinCollectionsScheduleStepC",
        "moduleName": "KingstonCouncilGeneralPlugin",
        "declAttributes": [
          "AccessControl"
        ],
        "superclassUsr": "s:18MobileWorkflowCore14ObservableStepC",
        "superclassNames": [
          "MobileWorkflowCore.ObservableStep",
          "MobileWorkflowCore.MWStep"
        ],
        "conformances": [
          {
            "kind": "Conformance",
            "name": "BuildableStep",
            "printedName": "BuildableStep",
            "usr": "s:18MobileWorkflowCore13BuildableStepP",
            "mangledName": "$s18MobileWorkflowCore13BuildableStepP"
          },
          {
            "kind": "Conformance",
            "name": "StepViewModel",
            "printedName": "StepViewModel",
            "usr": "s:18MobileWorkflowCore13StepViewModelP",
            "mangledName": "$s18MobileWorkflowCore13StepViewModelP"
          },
          {
            "kind": "Conformance",
            "name": "ObservableObject",
            "printedName": "ObservableObject",
            "children": [
              {
                "kind": "TypeWitness",
                "name": "ObjectWillChangePublisher",
                "printedName": "ObjectWillChangePublisher",
                "children": [
                  {
                    "kind": "TypeNominal",
                    "name": "ObservableObjectPublisher",
                    "printedName": "Combine.ObservableObjectPublisher",
                    "usr": "s:7Combine25ObservableObjectPublisherC"
                  }
                ]
              }
            ],
            "usr": "s:7Combine16ObservableObjectP",
            "mangledName": "$s7Combine16ObservableObjectP"
          },
          {
            "kind": "Conformance",
            "name": "Step",
            "printedName": "Step",
            "usr": "s:18MobileWorkflowCore4StepP",
            "mangledName": "$s18MobileWorkflowCore4StepP"
          }
        ]
      },
      {
        "kind": "TypeDecl",
        "name": "BinCollectionsStepViewController",
        "printedName": "BinCollectionsStepViewController",
        "children": [
          {
            "kind": "Var",
            "name": "titleMode",
            "printedName": "titleMode",
            "children": [
              {
                "kind": "TypeNominal",
                "name": "StepViewControllerTitleMode",
                "printedName": "MobileWorkflowCore.StepViewControllerTitleMode",
                "usr": "s:18MobileWorkflowCore27StepViewControllerTitleModeO"
              }
            ],
            "declKind": "Var",
            "usr": "s:28KingstonCouncilGeneralPlugin32BinCollectionsStepViewControllerC9titleMode18MobileWorkflowCore0ghi5TitleK0Ovp",
            "mangledName": "$s28KingstonCouncilGeneralPlugin32BinCollectionsStepViewControllerC9titleMode18MobileWorkflowCore0ghi5TitleK0Ovp",
            "moduleName": "KingstonCouncilGeneralPlugin",
            "overriding": true,
            "declAttributes": [
              "Custom",
              "Override",
              "AccessControl"
            ],
            "accessors": [
              {
                "kind": "Accessor",
                "name": "Get",
                "printedName": "Get()",
                "children": [
                  {
                    "kind": "TypeNominal",
                    "name": "StepViewControllerTitleMode",
                    "printedName": "MobileWorkflowCore.StepViewControllerTitleMode",
                    "usr": "s:18MobileWorkflowCore27StepViewControllerTitleModeO"
                  }
                ],
                "declKind": "Accessor",
                "usr": "s:28KingstonCouncilGeneralPlugin32BinCollectionsStepViewControllerC9titleMode18MobileWorkflowCore0ghi5TitleK0Ovg",
                "mangledName": "$s28KingstonCouncilGeneralPlugin32BinCollectionsStepViewControllerC9titleMode18MobileWorkflowCore0ghi5TitleK0Ovg",
                "moduleName": "KingstonCouncilGeneralPlugin",
                "overriding": true,
                "accessorKind": "get"
              }
            ]
          },
          {
            "kind": "Function",
            "name": "viewDidLoad",
            "printedName": "viewDidLoad()",
            "children": [
              {
                "kind": "TypeNominal",
                "name": "Void",
                "printedName": "()"
              }
            ],
            "declKind": "Func",
            "usr": "c:@M@KingstonCouncilGeneralPlugin@objc(cs)BinCollectionsStepViewController(im)viewDidLoad",
            "mangledName": "$s28KingstonCouncilGeneralPlugin32BinCollectionsStepViewControllerC11viewDidLoadyyF",
            "moduleName": "KingstonCouncilGeneralPlugin",
            "overriding": true,
            "objc_name": "viewDidLoad",
            "declAttributes": [
              "Dynamic",
              "ObjC",
              "Custom",
              "Override",
              "AccessControl"
            ],
            "funcSelfKind": "NonMutating"
          },
          {
            "kind": "Function",
            "name": "configureNavigationBar",
            "printedName": "configureNavigationBar(_:)",
            "children": [
              {
                "kind": "TypeNominal",
                "name": "Void",
                "printedName": "()"
              },
              {
                "kind": "TypeNominal",
                "name": "UINavigationBar",
                "printedName": "UIKit.UINavigationBar",
                "usr": "c:objc(cs)UINavigationBar"
              }
            ],
            "declKind": "Func",
            "usr": "s:28KingstonCouncilGeneralPlugin32BinCollectionsStepViewControllerC22configureNavigationBaryySo012UINavigationL0CF",
            "mangledName": "$s28KingstonCouncilGeneralPlugin32BinCollectionsStepViewControllerC22configureNavigationBaryySo012UINavigationL0CF",
            "moduleName": "KingstonCouncilGeneralPlugin",
            "overriding": true,
            "declAttributes": [
              "Custom",
              "Override",
              "AccessControl"
            ],
            "funcSelfKind": "NonMutating"
          },
          {
            "kind": "Constructor",
            "name": "init",
            "printedName": "init(step:nibName:bundle:)",
            "children": [
              {
                "kind": "TypeNominal",
                "name": "BinCollectionsStepViewController",
                "printedName": "KingstonCouncilGeneralPlugin.BinCollectionsStepViewController",
                "usr": "c:@M@KingstonCouncilGeneralPlugin@objc(cs)BinCollectionsStepViewController"
              },
              {
                "kind": "TypeNominal",
                "name": "Step",
                "printedName": "MobileWorkflowCore.Step",
                "usr": "s:18MobileWorkflowCore4StepP"
              },
              {
                "kind": "TypeNominal",
                "name": "Optional",
                "printedName": "Swift.String?",
                "children": [
                  {
                    "kind": "TypeNominal",
                    "name": "String",
                    "printedName": "Swift.String",
                    "usr": "s:SS"
                  }
                ],
                "usr": "s:Sq"
              },
              {
                "kind": "TypeNominal",
                "name": "Optional",
                "printedName": "Foundation.Bundle?",
                "children": [
                  {
                    "kind": "TypeNominal",
                    "name": "Bundle",
                    "printedName": "Foundation.Bundle",
                    "usr": "c:objc(cs)NSBundle"
                  }
                ],
                "usr": "s:Sq"
              }
            ],
            "declKind": "Constructor",
            "usr": "s:28KingstonCouncilGeneralPlugin32BinCollectionsStepViewControllerC4step7nibName6bundleAC18MobileWorkflowCore0G0_p_SSSgSo8NSBundleCSgtcfc",
            "mangledName": "$s28KingstonCouncilGeneralPlugin32BinCollectionsStepViewControllerC4step7nibName6bundleAC18MobileWorkflowCore0G0_p_SSSgSo8NSBundleCSgtcfc",
            "moduleName": "KingstonCouncilGeneralPlugin",
            "overriding": true,
            "implicit": true,
            "declAttributes": [
              "Custom",
              "Override"
            ],
            "init_kind": "Designated"
          },
          {
            "kind": "Constructor",
            "name": "init",
            "printedName": "init(step:)",
            "children": [
              {
                "kind": "TypeNominal",
                "name": "BinCollectionsStepViewController",
                "printedName": "KingstonCouncilGeneralPlugin.BinCollectionsStepViewController",
                "usr": "c:@M@KingstonCouncilGeneralPlugin@objc(cs)BinCollectionsStepViewController"
              },
              {
                "kind": "TypeNominal",
                "name": "Step",
                "printedName": "MobileWorkflowCore.Step",
                "usr": "s:18MobileWorkflowCore4StepP"
              }
            ],
            "declKind": "Constructor",
            "usr": "s:28KingstonCouncilGeneralPlugin32BinCollectionsStepViewControllerC4stepAC18MobileWorkflowCore0G0_p_tcfc",
            "mangledName": "$s28KingstonCouncilGeneralPlugin32BinCollectionsStepViewControllerC4stepAC18MobileWorkflowCore0G0_p_tcfc",
            "moduleName": "KingstonCouncilGeneralPlugin",
            "overriding": true,
            "implicit": true,
            "declAttributes": [
              "Custom",
              "Override"
            ],
            "init_kind": "Designated"
          },
          {
            "kind": "Constructor",
            "name": "init",
            "printedName": "init(coder:)",
            "children": [
              {
                "kind": "TypeNominal",
                "name": "Optional",
                "printedName": "KingstonCouncilGeneralPlugin.BinCollectionsStepViewController?",
                "children": [
                  {
                    "kind": "TypeNominal",
                    "name": "BinCollectionsStepViewController",
                    "printedName": "KingstonCouncilGeneralPlugin.BinCollectionsStepViewController",
                    "usr": "c:@M@KingstonCouncilGeneralPlugin@objc(cs)BinCollectionsStepViewController"
                  }
                ],
                "usr": "s:Sq"
              },
              {
                "kind": "TypeNominal",
                "name": "NSCoder",
                "printedName": "Foundation.NSCoder",
                "usr": "c:objc(cs)NSCoder"
              }
            ],
            "declKind": "Constructor",
            "usr": "c:@M@KingstonCouncilGeneralPlugin@objc(cs)BinCollectionsStepViewController(im)initWithCoder:",
            "mangledName": "$s28KingstonCouncilGeneralPlugin32BinCollectionsStepViewControllerC5coderACSgSo7NSCoderC_tcfc",
            "moduleName": "KingstonCouncilGeneralPlugin",
            "overriding": true,
            "implicit": true,
            "objc_name": "initWithCoder:",
            "declAttributes": [
              "Dynamic",
              "ObjC",
              "Custom",
              "Required"
            ],
            "init_kind": "Designated"
          }
        ],
        "declKind": "Class",
        "usr": "c:@M@KingstonCouncilGeneralPlugin@objc(cs)BinCollectionsStepViewController",
        "mangledName": "$s28KingstonCouncilGeneralPlugin32BinCollectionsStepViewControllerC",
        "moduleName": "KingstonCouncilGeneralPlugin",
        "declAttributes": [
          "Custom",
          "AccessControl",
          "ObjC"
        ],
        "superclassUsr": "c:@M@MobileWorkflowCore@objc(cs)MWStepViewController",
        "inheritsConvenienceInitializers": true,
        "superclassNames": [
          "MobileWorkflowCore.MWStepViewController",
          "UIKit.UIViewController",
          "UIKit.UIResponder",
          "ObjectiveC.NSObject"
        ],
        "conformances": [
          {
            "kind": "Conformance",
            "name": "StepViewController",
            "printedName": "StepViewController",
            "usr": "s:18MobileWorkflowCore18StepViewControllerP",
            "mangledName": "$s18MobileWorkflowCore18StepViewControllerP"
          },
          {
            "kind": "Conformance",
            "name": "Equatable",
            "printedName": "Equatable",
            "usr": "s:SQ",
            "mangledName": "$sSQ"
          },
          {
            "kind": "Conformance",
            "name": "Hashable",
            "printedName": "Hashable",
            "usr": "s:SH",
            "mangledName": "$sSH"
          },
          {
            "kind": "Conformance",
            "name": "CVarArg",
            "printedName": "CVarArg",
            "usr": "s:s7CVarArgP",
            "mangledName": "$ss7CVarArgP"
          },
          {
            "kind": "Conformance",
            "name": "_KeyValueCodingAndObservingPublishing",
            "printedName": "_KeyValueCodingAndObservingPublishing",
            "usr": "s:10Foundation37_KeyValueCodingAndObservingPublishingP",
            "mangledName": "$s10Foundation37_KeyValueCodingAndObservingPublishingP"
          },
          {
            "kind": "Conformance",
            "name": "_KeyValueCodingAndObserving",
            "printedName": "_KeyValueCodingAndObserving",
            "usr": "s:10Foundation27_KeyValueCodingAndObservingP",
            "mangledName": "$s10Foundation27_KeyValueCodingAndObservingP"
          },
          {
            "kind": "Conformance",
            "name": "CustomStringConvertible",
            "printedName": "CustomStringConvertible",
            "usr": "s:s23CustomStringConvertibleP",
            "mangledName": "$ss23CustomStringConvertibleP"
          },
          {
            "kind": "Conformance",
            "name": "CustomDebugStringConvertible",
            "printedName": "CustomDebugStringConvertible",
            "usr": "s:s28CustomDebugStringConvertibleP",
            "mangledName": "$ss28CustomDebugStringConvertibleP"
          }
        ]
      },
      {
        "kind": "Import",
        "name": "Foundation",
        "printedName": "Foundation",
        "declKind": "Import",
        "moduleName": "KingstonCouncilGeneralPlugin",
        "declAttributes": [
          "RawDocComment"
        ]
      },
      {
        "kind": "Import",
        "name": "MobileWorkflowCore",
        "printedName": "MobileWorkflowCore",
        "declKind": "Import",
        "moduleName": "KingstonCouncilGeneralPlugin"
      },
      {
        "kind": "Import",
        "name": "SwiftUI",
        "printedName": "SwiftUI",
        "declKind": "Import",
        "moduleName": "KingstonCouncilGeneralPlugin"
      },
      {
        "kind": "TypeDecl",
        "name": "RestLiveBinCollectionsStep",
        "printedName": "RestLiveBinCollectionsStep",
        "children": [
          {
            "kind": "Constructor",
            "name": "init",
            "printedName": "init(identifier:session:services:url:)",
            "children": [
              {
                "kind": "TypeNominal",
                "name": "RestLiveBinCollectionsStep",
                "printedName": "KingstonCouncilGeneralPlugin.RestLiveBinCollectionsStep",
                "usr": "s:28KingstonCouncilGeneralPlugin26RestLiveBinCollectionsStepC"
              },
              {
                "kind": "TypeNominal",
                "name": "String",
                "printedName": "Swift.String",
                "usr": "s:SS"
              },
              {
                "kind": "TypeNominal",
                "name": "Session",
                "printedName": "MobileWorkflowCore.Session",
                "usr": "s:18MobileWorkflowCore7SessionC"
              },
              {
                "kind": "TypeNominal",
                "name": "StepServices",
                "printedName": "MobileWorkflowCore.StepServices",
                "usr": "s:18MobileWorkflowCore12StepServicesC"
              },
              {
                "kind": "TypeNominal",
                "name": "String",
                "printedName": "Swift.String",
                "usr": "s:SS"
              }
            ],
            "declKind": "Constructor",
            "usr": "s:28KingstonCouncilGeneralPlugin26RestLiveBinCollectionsStepC10identifier7session8services3urlACSS_18MobileWorkflowCore7SessionCAH0I8ServicesCSStcfc",
            "mangledName": "$s28KingstonCouncilGeneralPlugin26RestLiveBinCollectionsStepC10identifier7session8services3urlACSS_18MobileWorkflowCore7SessionCAH0I8ServicesCSStcfc",
            "moduleName": "KingstonCouncilGeneralPlugin",
            "declAttributes": [
              "AccessControl"
            ],
            "init_kind": "Designated"
          },
          {
            "kind": "Function",
            "name": "instantiateViewController",
            "printedName": "instantiateViewController()",
            "children": [
              {
                "kind": "TypeNominal",
                "name": "StepViewController",
                "printedName": "MobileWorkflowCore.StepViewController",
                "usr": "s:18MobileWorkflowCore18StepViewControllerP"
              }
            ],
            "declKind": "Func",
            "usr": "s:28KingstonCouncilGeneralPlugin26RestLiveBinCollectionsStepC25instantiateViewController18MobileWorkflowCore0ikL0_pyF",
            "mangledName": "$s28KingstonCouncilGeneralPlugin26RestLiveBinCollectionsStepC25instantiateViewController18MobileWorkflowCore0ikL0_pyF",
            "moduleName": "KingstonCouncilGeneralPlugin",
            "overriding": true,
            "declAttributes": [
              "Override",
              "AccessControl"
            ],
            "funcSelfKind": "NonMutating"
          },
          {
            "kind": "Constructor",
            "name": "init",
            "printedName": "init(identifier:session:services:)",
            "children": [
              {
                "kind": "TypeNominal",
                "name": "RestLiveBinCollectionsStep",
                "printedName": "KingstonCouncilGeneralPlugin.RestLiveBinCollectionsStep",
                "usr": "s:28KingstonCouncilGeneralPlugin26RestLiveBinCollectionsStepC"
              },
              {
                "kind": "TypeNominal",
                "name": "String",
                "printedName": "Swift.String",
                "usr": "s:SS"
              },
              {
                "kind": "TypeNominal",
                "name": "Session",
                "printedName": "MobileWorkflowCore.Session",
                "usr": "s:18MobileWorkflowCore7SessionC"
              },
              {
                "kind": "TypeNominal",
                "name": "StepServices",
                "printedName": "MobileWorkflowCore.StepServices",
                "usr": "s:18MobileWorkflowCore12StepServicesC"
              }
            ],
            "declKind": "Constructor",
            "usr": "s:28KingstonCouncilGeneralPlugin26RestLiveBinCollectionsStepC10identifier7session8servicesACSS_18MobileWorkflowCore7SessionCAG0I8ServicesCtcfc",
            "mangledName": "$s28KingstonCouncilGeneralPlugin26RestLiveBinCollectionsStepC10identifier7session8servicesACSS_18MobileWorkflowCore7SessionCAG0I8ServicesCtcfc",
            "moduleName": "KingstonCouncilGeneralPlugin",
            "overriding": true,
            "implicit": true,
            "declAttributes": [
              "Override"
            ],
            "init_kind": "Designated"
          },
          {
            "kind": "Var",
            "name": "mandatoryCodingPaths",
            "printedName": "mandatoryCodingPaths",
            "children": [
              {
                "kind": "TypeNominal",
                "name": "Array",
                "printedName": "[Swift.CodingKey]",
                "children": [
                  {
                    "kind": "TypeNominal",
                    "name": "CodingKey",
                    "printedName": "Swift.CodingKey",
                    "usr": "s:s9CodingKeyP"
                  }
                ],
                "usr": "s:Sa"
              }
            ],
            "declKind": "Var",
            "usr": "s:28KingstonCouncilGeneralPlugin26RestLiveBinCollectionsStepC20mandatoryCodingPathsSays0K3Key_pGvpZ",
            "mangledName": "$s28KingstonCouncilGeneralPlugin26RestLiveBinCollectionsStepC20mandatoryCodingPathsSays0K3Key_pGvpZ",
            "moduleName": "KingstonCouncilGeneralPlugin",
            "static": true,
            "declAttributes": [
              "Final",
              "AccessControl"
            ],
            "isFromExtension": true,
            "accessors": [
              {
                "kind": "Accessor",
                "name": "Get",
                "printedName": "Get()",
                "children": [
                  {
                    "kind": "TypeNominal",
                    "name": "Array",
                    "printedName": "[Swift.CodingKey]",
                    "children": [
                      {
                        "kind": "TypeNominal",
                        "name": "CodingKey",
                        "printedName": "Swift.CodingKey",
                        "usr": "s:s9CodingKeyP"
                      }
                    ],
                    "usr": "s:Sa"
                  }
                ],
                "declKind": "Accessor",
                "usr": "s:28KingstonCouncilGeneralPlugin26RestLiveBinCollectionsStepC20mandatoryCodingPathsSays0K3Key_pGvgZ",
                "mangledName": "$s28KingstonCouncilGeneralPlugin26RestLiveBinCollectionsStepC20mandatoryCodingPathsSays0K3Key_pGvgZ",
                "moduleName": "KingstonCouncilGeneralPlugin",
                "static": true,
                "declAttributes": [
                  "Final"
                ],
                "isFromExtension": true,
                "accessorKind": "get"
              }
            ]
          },
          {
            "kind": "Function",
            "name": "build",
            "printedName": "build(stepInfo:services:)",
            "children": [
              {
                "kind": "TypeNominal",
                "name": "Step",
                "printedName": "MobileWorkflowCore.Step",
                "usr": "s:18MobileWorkflowCore4StepP"
              },
              {
                "kind": "TypeNominal",
                "name": "StepInfo",
                "printedName": "MobileWorkflowCore.StepInfo",
                "usr": "s:18MobileWorkflowCore8StepInfoV"
              },
              {
                "kind": "TypeNominal",
                "name": "StepServices",
                "printedName": "MobileWorkflowCore.StepServices",
                "usr": "s:18MobileWorkflowCore12StepServicesC"
              }
            ],
            "declKind": "Func",
            "usr": "s:28KingstonCouncilGeneralPlugin26RestLiveBinCollectionsStepC5build8stepInfo8services18MobileWorkflowCore0I0_pAG0iL0V_AG0I8ServicesCtKFZ",
            "mangledName": "$s28KingstonCouncilGeneralPlugin26RestLiveBinCollectionsStepC5build8stepInfo8services18MobileWorkflowCore0I0_pAG0iL0V_AG0I8ServicesCtKFZ",
            "moduleName": "KingstonCouncilGeneralPlugin",
            "static": true,
            "declAttributes": [
              "Final",
              "AccessControl"
            ],
            "isFromExtension": true,
            "throwing": true,
            "funcSelfKind": "NonMutating"
          }
        ],
        "declKind": "Class",
        "usr": "s:28KingstonCouncilGeneralPlugin26RestLiveBinCollectionsStepC",
        "mangledName": "$s28KingstonCouncilGeneralPlugin26RestLiveBinCollectionsStepC",
        "moduleName": "KingstonCouncilGeneralPlugin",
        "declAttributes": [
          "AccessControl"
        ],
        "superclassUsr": "s:18MobileWorkflowCore14ObservableStepC",
        "superclassNames": [
          "MobileWorkflowCore.ObservableStep",
          "MobileWorkflowCore.MWStep"
        ],
        "conformances": [
          {
            "kind": "Conformance",
            "name": "BuildableStep",
            "printedName": "BuildableStep",
            "usr": "s:18MobileWorkflowCore13BuildableStepP",
            "mangledName": "$s18MobileWorkflowCore13BuildableStepP"
          },
          {
            "kind": "Conformance",
            "name": "StepViewModel",
            "printedName": "StepViewModel",
            "usr": "s:18MobileWorkflowCore13StepViewModelP",
            "mangledName": "$s18MobileWorkflowCore13StepViewModelP"
          },
          {
            "kind": "Conformance",
            "name": "ObservableObject",
            "printedName": "ObservableObject",
            "children": [
              {
                "kind": "TypeWitness",
                "name": "ObjectWillChangePublisher",
                "printedName": "ObjectWillChangePublisher",
                "children": [
                  {
                    "kind": "TypeNominal",
                    "name": "ObservableObjectPublisher",
                    "printedName": "Combine.ObservableObjectPublisher",
                    "usr": "s:7Combine25ObservableObjectPublisherC"
                  }
                ]
              }
            ],
            "usr": "s:7Combine16ObservableObjectP",
            "mangledName": "$s7Combine16ObservableObjectP"
          },
          {
            "kind": "Conformance",
            "name": "Step",
            "printedName": "Step",
            "usr": "s:18MobileWorkflowCore4StepP",
            "mangledName": "$s18MobileWorkflowCore4StepP"
          }
        ]
      },
      {
        "kind": "TypeDecl",
        "name": "RestLiveBinCollectionsStepViewController",
        "printedName": "RestLiveBinCollectionsStepViewController",
        "children": [
          {
            "kind": "Var",
            "name": "titleMode",
            "printedName": "titleMode",
            "children": [
              {
                "kind": "TypeNominal",
                "name": "StepViewControllerTitleMode",
                "printedName": "MobileWorkflowCore.StepViewControllerTitleMode",
                "usr": "s:18MobileWorkflowCore27StepViewControllerTitleModeO"
              }
            ],
            "declKind": "Var",
            "usr": "s:28KingstonCouncilGeneralPlugin40RestLiveBinCollectionsStepViewControllerC9titleMode18MobileWorkflowCore0ijk5TitleM0Ovp",
            "mangledName": "$s28KingstonCouncilGeneralPlugin40RestLiveBinCollectionsStepViewControllerC9titleMode18MobileWorkflowCore0ijk5TitleM0Ovp",
            "moduleName": "KingstonCouncilGeneralPlugin",
            "overriding": true,
            "declAttributes": [
              "Custom",
              "Override",
              "AccessControl"
            ],
            "accessors": [
              {
                "kind": "Accessor",
                "name": "Get",
                "printedName": "Get()",
                "children": [
                  {
                    "kind": "TypeNominal",
                    "name": "StepViewControllerTitleMode",
                    "printedName": "MobileWorkflowCore.StepViewControllerTitleMode",
                    "usr": "s:18MobileWorkflowCore27StepViewControllerTitleModeO"
                  }
                ],
                "declKind": "Accessor",
                "usr": "s:28KingstonCouncilGeneralPlugin40RestLiveBinCollectionsStepViewControllerC9titleMode18MobileWorkflowCore0ijk5TitleM0Ovg",
                "mangledName": "$s28KingstonCouncilGeneralPlugin40RestLiveBinCollectionsStepViewControllerC9titleMode18MobileWorkflowCore0ijk5TitleM0Ovg",
                "moduleName": "KingstonCouncilGeneralPlugin",
                "overriding": true,
                "accessorKind": "get"
              }
            ]
          },
          {
            "kind": "Function",
            "name": "configureNavigationBar",
            "printedName": "configureNavigationBar(_:)",
            "children": [
              {
                "kind": "TypeNominal",
                "name": "Void",
                "printedName": "()"
              },
              {
                "kind": "TypeNominal",
                "name": "UINavigationBar",
                "printedName": "UIKit.UINavigationBar",
                "usr": "c:objc(cs)UINavigationBar"
              }
            ],
            "declKind": "Func",
            "usr": "s:28KingstonCouncilGeneralPlugin40RestLiveBinCollectionsStepViewControllerC22configureNavigationBaryySo012UINavigationN0CF",
            "mangledName": "$s28KingstonCouncilGeneralPlugin40RestLiveBinCollectionsStepViewControllerC22configureNavigationBaryySo012UINavigationN0CF",
            "moduleName": "KingstonCouncilGeneralPlugin",
            "overriding": true,
            "declAttributes": [
              "Custom",
              "Override",
              "AccessControl"
            ],
            "funcSelfKind": "NonMutating"
          },
          {
            "kind": "Function",
            "name": "viewDidLoad",
            "printedName": "viewDidLoad()",
            "children": [
              {
                "kind": "TypeNominal",
                "name": "Void",
                "printedName": "()"
              }
            ],
            "declKind": "Func",
            "usr": "c:@M@KingstonCouncilGeneralPlugin@objc(cs)RestLiveBinCollectionsStepViewController(im)viewDidLoad",
            "mangledName": "$s28KingstonCouncilGeneralPlugin40RestLiveBinCollectionsStepViewControllerC11viewDidLoadyyF",
            "moduleName": "KingstonCouncilGeneralPlugin",
            "overriding": true,
            "objc_name": "viewDidLoad",
            "declAttributes": [
              "Dynamic",
              "ObjC",
              "Custom",
              "Override",
              "AccessControl"
            ],
            "funcSelfKind": "NonMutating"
          },
          {
            "kind": "Constructor",
            "name": "init",
            "printedName": "init(step:nibName:bundle:)",
            "children": [
              {
                "kind": "TypeNominal",
                "name": "RestLiveBinCollectionsStepViewController",
                "printedName": "KingstonCouncilGeneralPlugin.RestLiveBinCollectionsStepViewController",
                "usr": "c:@M@KingstonCouncilGeneralPlugin@objc(cs)RestLiveBinCollectionsStepViewController"
              },
              {
                "kind": "TypeNominal",
                "name": "Step",
                "printedName": "MobileWorkflowCore.Step",
                "usr": "s:18MobileWorkflowCore4StepP"
              },
              {
                "kind": "TypeNominal",
                "name": "Optional",
                "printedName": "Swift.String?",
                "children": [
                  {
                    "kind": "TypeNominal",
                    "name": "String",
                    "printedName": "Swift.String",
                    "usr": "s:SS"
                  }
                ],
                "usr": "s:Sq"
              },
              {
                "kind": "TypeNominal",
                "name": "Optional",
                "printedName": "Foundation.Bundle?",
                "children": [
                  {
                    "kind": "TypeNominal",
                    "name": "Bundle",
                    "printedName": "Foundation.Bundle",
                    "usr": "c:objc(cs)NSBundle"
                  }
                ],
                "usr": "s:Sq"
              }
            ],
            "declKind": "Constructor",
            "usr": "s:28KingstonCouncilGeneralPlugin40RestLiveBinCollectionsStepViewControllerC4step7nibName6bundleAC18MobileWorkflowCore0I0_p_SSSgSo8NSBundleCSgtcfc",
            "mangledName": "$s28KingstonCouncilGeneralPlugin40RestLiveBinCollectionsStepViewControllerC4step7nibName6bundleAC18MobileWorkflowCore0I0_p_SSSgSo8NSBundleCSgtcfc",
            "moduleName": "KingstonCouncilGeneralPlugin",
            "overriding": true,
            "implicit": true,
            "declAttributes": [
              "Custom",
              "Override"
            ],
            "init_kind": "Designated"
          },
          {
            "kind": "Constructor",
            "name": "init",
            "printedName": "init(step:)",
            "children": [
              {
                "kind": "TypeNominal",
                "name": "RestLiveBinCollectionsStepViewController",
                "printedName": "KingstonCouncilGeneralPlugin.RestLiveBinCollectionsStepViewController",
                "usr": "c:@M@KingstonCouncilGeneralPlugin@objc(cs)RestLiveBinCollectionsStepViewController"
              },
              {
                "kind": "TypeNominal",
                "name": "Step",
                "printedName": "MobileWorkflowCore.Step",
                "usr": "s:18MobileWorkflowCore4StepP"
              }
            ],
            "declKind": "Constructor",
            "usr": "s:28KingstonCouncilGeneralPlugin40RestLiveBinCollectionsStepViewControllerC4stepAC18MobileWorkflowCore0I0_p_tcfc",
            "mangledName": "$s28KingstonCouncilGeneralPlugin40RestLiveBinCollectionsStepViewControllerC4stepAC18MobileWorkflowCore0I0_p_tcfc",
            "moduleName": "KingstonCouncilGeneralPlugin",
            "overriding": true,
            "implicit": true,
            "declAttributes": [
              "Custom",
              "Override"
            ],
            "init_kind": "Designated"
          },
          {
            "kind": "Constructor",
            "name": "init",
            "printedName": "init(coder:)",
            "children": [
              {
                "kind": "TypeNominal",
                "name": "Optional",
                "printedName": "KingstonCouncilGeneralPlugin.RestLiveBinCollectionsStepViewController?",
                "children": [
                  {
                    "kind": "TypeNominal",
                    "name": "RestLiveBinCollectionsStepViewController",
                    "printedName": "KingstonCouncilGeneralPlugin.RestLiveBinCollectionsStepViewController",
                    "usr": "c:@M@KingstonCouncilGeneralPlugin@objc(cs)RestLiveBinCollectionsStepViewController"
                  }
                ],
                "usr": "s:Sq"
              },
              {
                "kind": "TypeNominal",
                "name": "NSCoder",
                "printedName": "Foundation.NSCoder",
                "usr": "c:objc(cs)NSCoder"
              }
            ],
            "declKind": "Constructor",
            "usr": "c:@M@KingstonCouncilGeneralPlugin@objc(cs)RestLiveBinCollectionsStepViewController(im)initWithCoder:",
            "mangledName": "$s28KingstonCouncilGeneralPlugin40RestLiveBinCollectionsStepViewControllerC5coderACSgSo7NSCoderC_tcfc",
            "moduleName": "KingstonCouncilGeneralPlugin",
            "overriding": true,
            "implicit": true,
            "objc_name": "initWithCoder:",
            "declAttributes": [
              "Dynamic",
              "ObjC",
              "Custom",
              "Required"
            ],
            "init_kind": "Designated"
          }
        ],
        "declKind": "Class",
        "usr": "c:@M@KingstonCouncilGeneralPlugin@objc(cs)RestLiveBinCollectionsStepViewController",
        "mangledName": "$s28KingstonCouncilGeneralPlugin40RestLiveBinCollectionsStepViewControllerC",
        "moduleName": "KingstonCouncilGeneralPlugin",
        "declAttributes": [
          "Custom",
          "AccessControl",
          "ObjC"
        ],
        "superclassUsr": "c:@M@MobileWorkflowCore@objc(cs)MWStepViewController",
        "inheritsConvenienceInitializers": true,
        "superclassNames": [
          "MobileWorkflowCore.MWStepViewController",
          "UIKit.UIViewController",
          "UIKit.UIResponder",
          "ObjectiveC.NSObject"
        ],
        "conformances": [
          {
            "kind": "Conformance",
            "name": "StepViewController",
            "printedName": "StepViewController",
            "usr": "s:18MobileWorkflowCore18StepViewControllerP",
            "mangledName": "$s18MobileWorkflowCore18StepViewControllerP"
          },
          {
            "kind": "Conformance",
            "name": "Equatable",
            "printedName": "Equatable",
            "usr": "s:SQ",
            "mangledName": "$sSQ"
          },
          {
            "kind": "Conformance",
            "name": "Hashable",
            "printedName": "Hashable",
            "usr": "s:SH",
            "mangledName": "$sSH"
          },
          {
            "kind": "Conformance",
            "name": "CVarArg",
            "printedName": "CVarArg",
            "usr": "s:s7CVarArgP",
            "mangledName": "$ss7CVarArgP"
          },
          {
            "kind": "Conformance",
            "name": "_KeyValueCodingAndObservingPublishing",
            "printedName": "_KeyValueCodingAndObservingPublishing",
            "usr": "s:10Foundation37_KeyValueCodingAndObservingPublishingP",
            "mangledName": "$s10Foundation37_KeyValueCodingAndObservingPublishingP"
          },
          {
            "kind": "Conformance",
            "name": "_KeyValueCodingAndObserving",
            "printedName": "_KeyValueCodingAndObserving",
            "usr": "s:10Foundation27_KeyValueCodingAndObservingP",
            "mangledName": "$s10Foundation27_KeyValueCodingAndObservingP"
          },
          {
            "kind": "Conformance",
            "name": "CustomStringConvertible",
            "printedName": "CustomStringConvertible",
            "usr": "s:s23CustomStringConvertibleP",
            "mangledName": "$ss23CustomStringConvertibleP"
          },
          {
            "kind": "Conformance",
            "name": "CustomDebugStringConvertible",
            "printedName": "CustomDebugStringConvertible",
            "usr": "s:s28CustomDebugStringConvertibleP",
            "mangledName": "$ss28CustomDebugStringConvertibleP"
          }
        ]
      }
    ],
    "json_format_version": 8
  },
  "ConstValues": [
    {
      "filePath": "\/Users\/vagrant\/git\/project\/KingstonCouncilGeneralPlugin\/KingstonCouncilGeneralPlugin\/KingstonCouncilGeneralPluginStruct.swift",
      "kind": "StringLiteral",
      "offset": 387,
      "length": 56,
      "value": "\"uk.gov.kingston.general.rest-scheduled-bin-collections\""
    },
    {
      "filePath": "\/Users\/vagrant\/git\/project\/KingstonCouncilGeneralPlugin\/KingstonCouncilGeneralPlugin\/KingstonCouncilGeneralPluginStruct.swift",
      "kind": "StringLiteral",
      "offset": 461,
      "length": 51,
      "value": "\"uk.gov.kingston.general.rest-live-bin-collections\""
    },
    {
      "filePath": "\/Users\/vagrant\/git\/project\/KingstonCouncilGeneralPlugin\/KingstonCouncilGeneralPlugin\/KingstonCouncilGeneralPluginStruct.swift",
      "kind": "StringLiteral",
      "offset": 387,
      "length": 56,
      "value": "\"uk.gov.kingston.general.rest-scheduled-bin-collections\""
    },
    {
      "filePath": "\/Users\/vagrant\/git\/project\/KingstonCouncilGeneralPlugin\/KingstonCouncilGeneralPlugin\/KingstonCouncilGeneralPluginStruct.swift",
      "kind": "StringLiteral",
      "offset": 461,
      "length": 51,
      "value": "\"uk.gov.kingston.general.rest-live-bin-collections\""
    },
    {
      "filePath": "\/Users\/vagrant\/git\/project\/KingstonCouncilGeneralPlugin\/KingstonCouncilGeneralPlugin\/RestBinCollectionsScheduleStep.swift",
      "kind": "StringLiteral",
      "offset": 145,
      "length": 30,
      "value": "\"KingstonCouncilGeneralPlugin.RestBinCollectionsScheduleStep\""
    },
    {
      "filePath": "\/Users\/vagrant\/git\/project\/KingstonCouncilGeneralPlugin\/KingstonCouncilGeneralPlugin\/RestBinCollectionsScheduleStep.swift",
      "kind": "Array",
      "offset": 2216,
      "length": 2,
      "value": "[]"
    },
    {
      "filePath": "\/Users\/vagrant\/git\/project\/KingstonCouncilGeneralPlugin\/KingstonCouncilGeneralPlugin\/RestBinCollectionsScheduleStep.swift",
      "kind": "BooleanLiteral",
      "offset": 2250,
      "length": 5,
      "value": "false"
    },
    {
      "filePath": "\/Users\/vagrant\/git\/project\/KingstonCouncilGeneralPlugin\/KingstonCouncilGeneralPlugin\/RestLiveBinCollectionsStep.swift",
      "kind": "StringLiteral",
      "offset": 197,
      "length": 26,
      "value": "\"KingstonCouncilGeneralPlugin.RestLiveBinCollectionsStep\""
    },
    {
      "filePath": "\/Users\/vagrant\/git\/project\/KingstonCouncilGeneralPlugin\/KingstonCouncilGeneralPlugin\/RestLiveBinCollectionsStep.swift",
      "kind": "Array",
      "offset": 2591,
      "length": 2,
      "value": "[]"
    },
    {
      "filePath": "\/Users\/vagrant\/git\/project\/KingstonCouncilGeneralPlugin\/KingstonCouncilGeneralPlugin\/RestLiveBinCollectionsStep.swift",
      "kind": "BooleanLiteral",
      "offset": 2625,
      "length": 5,
      "value": "false"
    }
  ]
}