{
  "ABIRoot": {
    "kind": "Root",
    "name": "TopLevel",
    "printedName": "TopLevel",
    "children": [
      {
        "kind": "Import",
        "name": "Foundation",
        "printedName": "Foundation",
        "declKind": "Import",
        "moduleName": "LVPlugin",
        "declAttributes": [
          "RawDocComment"
        ]
      },
      {
        "kind": "Import",
        "name": "MobileWorkflowCore",
        "printedName": "MobileWorkflowCore",
        "declKind": "Import",
        "moduleName": "LVPlugin"
      },
      {
        "kind": "Import",
        "name": "SwiftUI",
        "printedName": "SwiftUI",
        "declKind": "Import",
        "moduleName": "LVPlugin"
      },
      {
        "kind": "TypeDecl",
        "name": "ARWebView",
        "printedName": "ARWebView",
        "children": [
          {
            "kind": "Var",
            "name": "id",
            "printedName": "id",
            "children": [
              {
                "kind": "TypeNominal",
                "name": "String",
                "printedName": "Swift.String",
                "usr": "s:SS"
              }
            ],
            "declKind": "Var",
            "usr": "s:8LVPlugin9ARWebViewV2idSSvp",
            "mangledName": "$s8LVPlugin9ARWebViewV2idSSvp",
            "moduleName": "LVPlugin",
            "declAttributes": [
              "HasStorage",
              "AccessControl"
            ],
            "isLet": true,
            "hasStorage": true,
            "accessors": [
              {
                "kind": "Accessor",
                "name": "Get",
                "printedName": "Get()",
                "children": [
                  {
                    "kind": "TypeNominal",
                    "name": "String",
                    "printedName": "Swift.String",
                    "usr": "s:SS"
                  }
                ],
                "declKind": "Accessor",
                "usr": "s:8LVPlugin9ARWebViewV2idSSvg",
                "mangledName": "$s8LVPlugin9ARWebViewV2idSSvg",
                "moduleName": "LVPlugin",
                "implicit": true,
                "accessorKind": "get"
              }
            ]
          },
          {
            "kind": "Constructor",
            "name": "init",
            "printedName": "init(from:)",
            "children": [
              {
                "kind": "TypeNominal",
                "name": "ARWebView",
                "printedName": "LVPlugin.ARWebView",
                "usr": "s:8LVPlugin9ARWebViewV"
              },
              {
                "kind": "TypeNominal",
                "name": "Decoder",
                "printedName": "Swift.Decoder",
                "usr": "s:s7DecoderP"
              }
            ],
            "declKind": "Constructor",
            "usr": "s:8LVPlugin9ARWebViewV4fromACs7Decoder_p_tKcfc",
            "mangledName": "$s8LVPlugin9ARWebViewV4fromACs7Decoder_p_tKcfc",
            "moduleName": "LVPlugin",
            "implicit": true,
            "throwing": true,
            "init_kind": "Designated"
          },
          {
            "kind": "Function",
            "name": "encode",
            "printedName": "encode(to:)",
            "children": [
              {
                "kind": "TypeNominal",
                "name": "Void",
                "printedName": "()"
              },
              {
                "kind": "TypeNominal",
                "name": "Encoder",
                "printedName": "Swift.Encoder",
                "usr": "s:s7EncoderP"
              }
            ],
            "declKind": "Func",
            "usr": "s:8LVPlugin9ARWebViewV6encode2toys7Encoder_p_tKF",
            "mangledName": "$s8LVPlugin9ARWebViewV6encode2toys7Encoder_p_tKF",
            "moduleName": "LVPlugin",
            "implicit": true,
            "throwing": true,
            "funcSelfKind": "NonMutating"
          }
        ],
        "declKind": "Struct",
        "usr": "s:8LVPlugin9ARWebViewV",
        "mangledName": "$s8LVPlugin9ARWebViewV",
        "moduleName": "LVPlugin",
        "declAttributes": [
          "AccessControl"
        ],
        "conformances": [
          {
            "kind": "Conformance",
            "name": "Decodable",
            "printedName": "Decodable",
            "usr": "s:Se",
            "mangledName": "$sSe"
          },
          {
            "kind": "Conformance",
            "name": "Encodable",
            "printedName": "Encodable",
            "usr": "s:SE",
            "mangledName": "$sSE"
          },
          {
            "kind": "Conformance",
            "name": "Identifiable",
            "printedName": "Identifiable",
            "children": [
              {
                "kind": "TypeWitness",
                "name": "ID",
                "printedName": "ID",
                "children": [
                  {
                    "kind": "TypeNominal",
                    "name": "String",
                    "printedName": "Swift.String",
                    "usr": "s:SS"
                  }
                ]
              }
            ],
            "usr": "s:s12IdentifiableP",
            "mangledName": "$ss12IdentifiableP"
          }
        ]
      },
      {
        "kind": "TypeDecl",
        "name": "ARWebViewStep",
        "printedName": "ARWebViewStep",
        "children": [
          {
            "kind": "Constructor",
            "name": "init",
            "printedName": "init(identifier:url:session:services:)",
            "children": [
              {
                "kind": "TypeNominal",
                "name": "ARWebViewStep",
                "printedName": "LVPlugin.ARWebViewStep",
                "usr": "s:8LVPlugin13ARWebViewStepC"
              },
              {
                "kind": "TypeNominal",
                "name": "String",
                "printedName": "Swift.String",
                "usr": "s:SS"
              },
              {
                "kind": "TypeNominal",
                "name": "String",
                "printedName": "Swift.String",
                "usr": "s:SS"
              },
              {
                "kind": "TypeNominal",
                "name": "Session",
                "printedName": "MobileWorkflowCore.Session",
                "usr": "s:18MobileWorkflowCore7SessionC"
              },
              {
                "kind": "TypeNominal",
                "name": "StepServices",
                "printedName": "MobileWorkflowCore.StepServices",
                "usr": "s:18MobileWorkflowCore12StepServicesC"
              }
            ],
            "declKind": "Constructor",
            "usr": "s:8LVPlugin13ARWebViewStepC10identifier3url7session8servicesACSS_SS18MobileWorkflowCore7SessionCAH0D8ServicesCtcfc",
            "mangledName": "$s8LVPlugin13ARWebViewStepC10identifier3url7session8servicesACSS_SS18MobileWorkflowCore7SessionCAH0D8ServicesCtcfc",
            "moduleName": "LVPlugin",
            "declAttributes": [
              "AccessControl"
            ],
            "init_kind": "Designated"
          },
          {
            "kind": "Function",
            "name": "instantiateViewController",
            "printedName": "instantiateViewController()",
            "children": [
              {
                "kind": "TypeNominal",
                "name": "StepViewController",
                "printedName": "MobileWorkflowCore.StepViewController",
                "usr": "s:18MobileWorkflowCore18StepViewControllerP"
              }
            ],
            "declKind": "Func",
            "usr": "s:8LVPlugin13ARWebViewStepC011instantiateC10Controller18MobileWorkflowCore0dcF0_pyF",
            "mangledName": "$s8LVPlugin13ARWebViewStepC011instantiateC10Controller18MobileWorkflowCore0dcF0_pyF",
            "moduleName": "LVPlugin",
            "overriding": true,
            "declAttributes": [
              "Override",
              "AccessControl"
            ],
            "funcSelfKind": "NonMutating"
          },
          {
            "kind": "Constructor",
            "name": "init",
            "printedName": "init(identifier:session:services:)",
            "children": [
              {
                "kind": "TypeNominal",
                "name": "ARWebViewStep",
                "printedName": "LVPlugin.ARWebViewStep",
                "usr": "s:8LVPlugin13ARWebViewStepC"
              },
              {
                "kind": "TypeNominal",
                "name": "String",
                "printedName": "Swift.String",
                "usr": "s:SS"
              },
              {
                "kind": "TypeNominal",
                "name": "Session",
                "printedName": "MobileWorkflowCore.Session",
                "usr": "s:18MobileWorkflowCore7SessionC"
              },
              {
                "kind": "TypeNominal",
                "name": "StepServices",
                "printedName": "MobileWorkflowCore.StepServices",
                "usr": "s:18MobileWorkflowCore12StepServicesC"
              }
            ],
            "declKind": "Constructor",
            "usr": "s:8LVPlugin13ARWebViewStepC10identifier7session8servicesACSS_18MobileWorkflowCore7SessionCAG0D8ServicesCtcfc",
            "mangledName": "$s8LVPlugin13ARWebViewStepC10identifier7session8servicesACSS_18MobileWorkflowCore7SessionCAG0D8ServicesCtcfc",
            "moduleName": "LVPlugin",
            "overriding": true,
            "implicit": true,
            "declAttributes": [
              "Override"
            ],
            "init_kind": "Designated"
          },
          {
            "kind": "Var",
            "name": "mandatoryCodingPaths",
            "printedName": "mandatoryCodingPaths",
            "children": [
              {
                "kind": "TypeNominal",
                "name": "Array",
                "printedName": "[Swift.CodingKey]",
                "children": [
                  {
                    "kind": "TypeNominal",
                    "name": "CodingKey",
                    "printedName": "Swift.CodingKey",
                    "usr": "s:s9CodingKeyP"
                  }
                ],
                "usr": "s:Sa"
              }
            ],
            "declKind": "Var",
            "usr": "s:8LVPlugin13ARWebViewStepC20mandatoryCodingPathsSays0F3Key_pGvpZ",
            "mangledName": "$s8LVPlugin13ARWebViewStepC20mandatoryCodingPathsSays0F3Key_pGvpZ",
            "moduleName": "LVPlugin",
            "static": true,
            "declAttributes": [
              "Final",
              "AccessControl"
            ],
            "isFromExtension": true,
            "accessors": [
              {
                "kind": "Accessor",
                "name": "Get",
                "printedName": "Get()",
                "children": [
                  {
                    "kind": "TypeNominal",
                    "name": "Array",
                    "printedName": "[Swift.CodingKey]",
                    "children": [
                      {
                        "kind": "TypeNominal",
                        "name": "CodingKey",
                        "printedName": "Swift.CodingKey",
                        "usr": "s:s9CodingKeyP"
                      }
                    ],
                    "usr": "s:Sa"
                  }
                ],
                "declKind": "Accessor",
                "usr": "s:8LVPlugin13ARWebViewStepC20mandatoryCodingPathsSays0F3Key_pGvgZ",
                "mangledName": "$s8LVPlugin13ARWebViewStepC20mandatoryCodingPathsSays0F3Key_pGvgZ",
                "moduleName": "LVPlugin",
                "static": true,
                "declAttributes": [
                  "Final"
                ],
                "isFromExtension": true,
                "accessorKind": "get"
              }
            ]
          },
          {
            "kind": "Function",
            "name": "build",
            "printedName": "build(stepInfo:services:)",
            "children": [
              {
                "kind": "TypeNominal",
                "name": "Step",
                "printedName": "MobileWorkflowCore.Step",
                "usr": "s:18MobileWorkflowCore4StepP"
              },
              {
                "kind": "TypeNominal",
                "name": "StepInfo",
                "printedName": "MobileWorkflowCore.StepInfo",
                "usr": "s:18MobileWorkflowCore8StepInfoV"
              },
              {
                "kind": "TypeNominal",
                "name": "StepServices",
                "printedName": "MobileWorkflowCore.StepServices",
                "usr": "s:18MobileWorkflowCore12StepServicesC"
              }
            ],
            "declKind": "Func",
            "usr": "s:8LVPlugin13ARWebViewStepC5build8stepInfo8services18MobileWorkflowCore0D0_pAG0dG0V_AG0D8ServicesCtKFZ",
            "mangledName": "$s8LVPlugin13ARWebViewStepC5build8stepInfo8services18MobileWorkflowCore0D0_pAG0dG0V_AG0D8ServicesCtKFZ",
            "moduleName": "LVPlugin",
            "static": true,
            "declAttributes": [
              "Final",
              "AccessControl"
            ],
            "isFromExtension": true,
            "throwing": true,
            "funcSelfKind": "NonMutating"
          }
        ],
        "declKind": "Class",
        "usr": "s:8LVPlugin13ARWebViewStepC",
        "mangledName": "$s8LVPlugin13ARWebViewStepC",
        "moduleName": "LVPlugin",
        "declAttributes": [
          "AccessControl"
        ],
        "superclassUsr": "s:18MobileWorkflowCore14ObservableStepC",
        "superclassNames": [
          "MobileWorkflowCore.ObservableStep",
          "MobileWorkflowCore.MWStep"
        ],
        "conformances": [
          {
            "kind": "Conformance",
            "name": "BuildableStep",
            "printedName": "BuildableStep",
            "usr": "s:18MobileWorkflowCore13BuildableStepP",
            "mangledName": "$s18MobileWorkflowCore13BuildableStepP"
          },
          {
            "kind": "Conformance",
            "name": "StepViewModel",
            "printedName": "StepViewModel",
            "usr": "s:18MobileWorkflowCore13StepViewModelP",
            "mangledName": "$s18MobileWorkflowCore13StepViewModelP"
          },
          {
            "kind": "Conformance",
            "name": "ObservableObject",
            "printedName": "ObservableObject",
            "children": [
              {
                "kind": "TypeWitness",
                "name": "ObjectWillChangePublisher",
                "printedName": "ObjectWillChangePublisher",
                "children": [
                  {
                    "kind": "TypeNominal",
                    "name": "ObservableObjectPublisher",
                    "printedName": "Combine.ObservableObjectPublisher",
                    "usr": "s:7Combine25ObservableObjectPublisherC"
                  }
                ]
              }
            ],
            "usr": "s:7Combine16ObservableObjectP",
            "mangledName": "$s7Combine16ObservableObjectP"
          },
          {
            "kind": "Conformance",
            "name": "Step",
            "printedName": "Step",
            "usr": "s:18MobileWorkflowCore4StepP",
            "mangledName": "$s18MobileWorkflowCore4StepP"
          }
        ]
      },
      {
        "kind": "TypeDecl",
        "name": "ARWebViewStepViewController",
        "printedName": "ARWebViewStepViewController",
        "children": [
          {
            "kind": "Var",
            "name": "titleMode",
            "printedName": "titleMode",
            "children": [
              {
                "kind": "TypeNominal",
                "name": "StepViewControllerTitleMode",
                "printedName": "MobileWorkflowCore.StepViewControllerTitleMode",
                "usr": "s:18MobileWorkflowCore27StepViewControllerTitleModeO"
              }
            ],
            "declKind": "Var",
            "usr": "s:8LVPlugin013ARWebViewStepC10ControllerC9titleMode18MobileWorkflowCore0dce5TitleG0Ovp",
            "mangledName": "$s8LVPlugin013ARWebViewStepC10ControllerC9titleMode18MobileWorkflowCore0dce5TitleG0Ovp",
            "moduleName": "LVPlugin",
            "overriding": true,
            "declAttributes": [
              "Custom",
              "Override",
              "AccessControl"
            ],
            "accessors": [
              {
                "kind": "Accessor",
                "name": "Get",
                "printedName": "Get()",
                "children": [
                  {
                    "kind": "TypeNominal",
                    "name": "StepViewControllerTitleMode",
                    "printedName": "MobileWorkflowCore.StepViewControllerTitleMode",
                    "usr": "s:18MobileWorkflowCore27StepViewControllerTitleModeO"
                  }
                ],
                "declKind": "Accessor",
                "usr": "s:8LVPlugin013ARWebViewStepC10ControllerC9titleMode18MobileWorkflowCore0dce5TitleG0Ovg",
                "mangledName": "$s8LVPlugin013ARWebViewStepC10ControllerC9titleMode18MobileWorkflowCore0dce5TitleG0Ovg",
                "moduleName": "LVPlugin",
                "overriding": true,
                "accessorKind": "get"
              }
            ]
          },
          {
            "kind": "Function",
            "name": "viewDidLoad",
            "printedName": "viewDidLoad()",
            "children": [
              {
                "kind": "TypeNominal",
                "name": "Void",
                "printedName": "()"
              }
            ],
            "declKind": "Func",
            "usr": "c:@M@LVPlugin@objc(cs)ARWebViewStepViewController(im)viewDidLoad",
            "mangledName": "$s8LVPlugin013ARWebViewStepC10ControllerC11viewDidLoadyyF",
            "moduleName": "LVPlugin",
            "overriding": true,
            "objc_name": "viewDidLoad",
            "declAttributes": [
              "Dynamic",
              "ObjC",
              "Custom",
              "Override",
              "AccessControl"
            ],
            "funcSelfKind": "NonMutating"
          },
          {
            "kind": "Constructor",
            "name": "init",
            "printedName": "init(step:nibName:bundle:)",
            "children": [
              {
                "kind": "TypeNominal",
                "name": "ARWebViewStepViewController",
                "printedName": "LVPlugin.ARWebViewStepViewController",
                "usr": "c:@M@LVPlugin@objc(cs)ARWebViewStepViewController"
              },
              {
                "kind": "TypeNominal",
                "name": "Step",
                "printedName": "MobileWorkflowCore.Step",
                "usr": "s:18MobileWorkflowCore4StepP"
              },
              {
                "kind": "TypeNominal",
                "name": "Optional",
                "printedName": "Swift.String?",
                "children": [
                  {
                    "kind": "TypeNominal",
                    "name": "String",
                    "printedName": "Swift.String",
                    "usr": "s:SS"
                  }
                ],
                "usr": "s:Sq"
              },
              {
                "kind": "TypeNominal",
                "name": "Optional",
                "printedName": "Foundation.Bundle?",
                "children": [
                  {
                    "kind": "TypeNominal",
                    "name": "Bundle",
                    "printedName": "Foundation.Bundle",
                    "usr": "c:objc(cs)NSBundle"
                  }
                ],
                "usr": "s:Sq"
              }
            ],
            "declKind": "Constructor",
            "usr": "s:8LVPlugin013ARWebViewStepC10ControllerC4step7nibName6bundleAC18MobileWorkflowCore0D0_p_SSSgSo8NSBundleCSgtcfc",
            "mangledName": "$s8LVPlugin013ARWebViewStepC10ControllerC4step7nibName6bundleAC18MobileWorkflowCore0D0_p_SSSgSo8NSBundleCSgtcfc",
            "moduleName": "LVPlugin",
            "overriding": true,
            "implicit": true,
            "declAttributes": [
              "Custom",
              "Override"
            ],
            "init_kind": "Designated"
          },
          {
            "kind": "Constructor",
            "name": "init",
            "printedName": "init(step:)",
            "children": [
              {
                "kind": "TypeNominal",
                "name": "ARWebViewStepViewController",
                "printedName": "LVPlugin.ARWebViewStepViewController",
                "usr": "c:@M@LVPlugin@objc(cs)ARWebViewStepViewController"
              },
              {
                "kind": "TypeNominal",
                "name": "Step",
                "printedName": "MobileWorkflowCore.Step",
                "usr": "s:18MobileWorkflowCore4StepP"
              }
            ],
            "declKind": "Constructor",
            "usr": "s:8LVPlugin013ARWebViewStepC10ControllerC4stepAC18MobileWorkflowCore0D0_p_tcfc",
            "mangledName": "$s8LVPlugin013ARWebViewStepC10ControllerC4stepAC18MobileWorkflowCore0D0_p_tcfc",
            "moduleName": "LVPlugin",
            "overriding": true,
            "implicit": true,
            "declAttributes": [
              "Custom",
              "Override"
            ],
            "init_kind": "Designated"
          },
          {
            "kind": "Constructor",
            "name": "init",
            "printedName": "init(coder:)",
            "children": [
              {
                "kind": "TypeNominal",
                "name": "Optional",
                "printedName": "LVPlugin.ARWebViewStepViewController?",
                "children": [
                  {
                    "kind": "TypeNominal",
                    "name": "ARWebViewStepViewController",
                    "printedName": "LVPlugin.ARWebViewStepViewController",
                    "usr": "c:@M@LVPlugin@objc(cs)ARWebViewStepViewController"
                  }
                ],
                "usr": "s:Sq"
              },
              {
                "kind": "TypeNominal",
                "name": "NSCoder",
                "printedName": "Foundation.NSCoder",
                "usr": "c:objc(cs)NSCoder"
              }
            ],
            "declKind": "Constructor",
            "usr": "c:@M@LVPlugin@objc(cs)ARWebViewStepViewController(im)initWithCoder:",
            "mangledName": "$s8LVPlugin013ARWebViewStepC10ControllerC5coderACSgSo7NSCoderC_tcfc",
            "moduleName": "LVPlugin",
            "overriding": true,
            "implicit": true,
            "objc_name": "initWithCoder:",
            "declAttributes": [
              "Dynamic",
              "ObjC",
              "Custom",
              "Required"
            ],
            "init_kind": "Designated"
          }
        ],
        "declKind": "Class",
        "usr": "c:@M@LVPlugin@objc(cs)ARWebViewStepViewController",
        "mangledName": "$s8LVPlugin013ARWebViewStepC10ControllerC",
        "moduleName": "LVPlugin",
        "declAttributes": [
          "Custom",
          "AccessControl",
          "ObjC"
        ],
        "superclassUsr": "c:@M@MobileWorkflowCore@objc(cs)MWStepViewController",
        "inheritsConvenienceInitializers": true,
        "superclassNames": [
          "MobileWorkflowCore.MWStepViewController",
          "UIKit.UIViewController",
          "UIKit.UIResponder",
          "ObjectiveC.NSObject"
        ],
        "conformances": [
          {
            "kind": "Conformance",
            "name": "StepViewController",
            "printedName": "StepViewController",
            "usr": "s:18MobileWorkflowCore18StepViewControllerP",
            "mangledName": "$s18MobileWorkflowCore18StepViewControllerP"
          },
          {
            "kind": "Conformance",
            "name": "Equatable",
            "printedName": "Equatable",
            "usr": "s:SQ",
            "mangledName": "$sSQ"
          },
          {
            "kind": "Conformance",
            "name": "Hashable",
            "printedName": "Hashable",
            "usr": "s:SH",
            "mangledName": "$sSH"
          },
          {
            "kind": "Conformance",
            "name": "CVarArg",
            "printedName": "CVarArg",
            "usr": "s:s7CVarArgP",
            "mangledName": "$ss7CVarArgP"
          },
          {
            "kind": "Conformance",
            "name": "_KeyValueCodingAndObservingPublishing",
            "printedName": "_KeyValueCodingAndObservingPublishing",
            "usr": "s:10Foundation37_KeyValueCodingAndObservingPublishingP",
            "mangledName": "$s10Foundation37_KeyValueCodingAndObservingPublishingP"
          },
          {
            "kind": "Conformance",
            "name": "_KeyValueCodingAndObserving",
            "printedName": "_KeyValueCodingAndObserving",
            "usr": "s:10Foundation27_KeyValueCodingAndObservingP",
            "mangledName": "$s10Foundation27_KeyValueCodingAndObservingP"
          },
          {
            "kind": "Conformance",
            "name": "CustomStringConvertible",
            "printedName": "CustomStringConvertible",
            "usr": "s:s23CustomStringConvertibleP",
            "mangledName": "$ss23CustomStringConvertibleP"
          },
          {
            "kind": "Conformance",
            "name": "CustomDebugStringConvertible",
            "printedName": "CustomDebugStringConvertible",
            "usr": "s:s28CustomDebugStringConvertibleP",
            "mangledName": "$ss28CustomDebugStringConvertibleP"
          }
        ]
      },
      {
        "kind": "Import",
        "name": "Foundation",
        "printedName": "Foundation",
        "declKind": "Import",
        "moduleName": "LVPlugin",
        "declAttributes": [
          "RawDocComment"
        ]
      },
      {
        "kind": "Import",
        "name": "MobileWorkflowCore",
        "printedName": "MobileWorkflowCore",
        "declKind": "Import",
        "moduleName": "LVPlugin"
      },
      {
        "kind": "TypeDecl",
        "name": "LVPluginStruct",
        "printedName": "LVPluginStruct",
        "children": [
          {
            "kind": "Var",
            "name": "allStepsTypes",
            "printedName": "allStepsTypes",
            "children": [
              {
                "kind": "TypeNominal",
                "name": "Array",
                "printedName": "[MobileWorkflowCore.StepType]",
                "children": [
                  {
                    "kind": "TypeNominal",
                    "name": "StepType",
                    "printedName": "MobileWorkflowCore.StepType",
                    "usr": "s:18MobileWorkflowCore8StepTypeP"
                  }
                ],
                "usr": "s:Sa"
              }
            ],
            "declKind": "Var",
            "usr": "s:8LVPlugin0A6StructV13allStepsTypesSay18MobileWorkflowCore8StepType_pGvpZ",
            "mangledName": "$s8LVPlugin0A6StructV13allStepsTypesSay18MobileWorkflowCore8StepType_pGvpZ",
            "moduleName": "LVPlugin",
            "static": true,
            "declAttributes": [
              "AccessControl"
            ],
            "accessors": [
              {
                "kind": "Accessor",
                "name": "Get",
                "printedName": "Get()",
                "children": [
                  {
                    "kind": "TypeNominal",
                    "name": "Array",
                    "printedName": "[MobileWorkflowCore.StepType]",
                    "children": [
                      {
                        "kind": "TypeNominal",
                        "name": "StepType",
                        "printedName": "MobileWorkflowCore.StepType",
                        "usr": "s:18MobileWorkflowCore8StepTypeP"
                      }
                    ],
                    "usr": "s:Sa"
                  }
                ],
                "declKind": "Accessor",
                "usr": "s:8LVPlugin0A6StructV13allStepsTypesSay18MobileWorkflowCore8StepType_pGvgZ",
                "mangledName": "$s8LVPlugin0A6StructV13allStepsTypesSay18MobileWorkflowCore8StepType_pGvgZ",
                "moduleName": "LVPlugin",
                "static": true,
                "accessorKind": "get"
              }
            ]
          }
        ],
        "declKind": "Struct",
        "usr": "s:8LVPlugin0A6StructV",
        "mangledName": "$s8LVPlugin0A6StructV",
        "moduleName": "LVPlugin",
        "declAttributes": [
          "AccessControl"
        ],
        "conformances": [
          {
            "kind": "Conformance",
            "name": "Plugin",
            "printedName": "Plugin",
            "usr": "s:18MobileWorkflowCore6PluginP",
            "mangledName": "$s18MobileWorkflowCore6PluginP"
          }
        ]
      },
      {
        "kind": "Import",
        "name": "Foundation",
        "printedName": "Foundation",
        "declKind": "Import",
        "moduleName": "LVPlugin",
        "declAttributes": [
          "RawDocComment"
        ]
      },
      {
        "kind": "Import",
        "name": "MobileWorkflowCore",
        "printedName": "MobileWorkflowCore",
        "declKind": "Import",
        "moduleName": "LVPlugin"
      },
      {
        "kind": "Import",
        "name": "SwiftUI",
        "printedName": "SwiftUI",
        "declKind": "Import",
        "moduleName": "LVPlugin"
      },
      {
        "kind": "TypeDecl",
        "name": "MyLVLogin",
        "printedName": "MyLVLogin",
        "children": [
          {
            "kind": "Var",
            "name": "id",
            "printedName": "id",
            "children": [
              {
                "kind": "TypeNominal",
                "name": "String",
                "printedName": "Swift.String",
                "usr": "s:SS"
              }
            ],
            "declKind": "Var",
            "usr": "s:8LVPlugin9MyLVLoginV2idSSvp",
            "mangledName": "$s8LVPlugin9MyLVLoginV2idSSvp",
            "moduleName": "LVPlugin",
            "declAttributes": [
              "HasStorage",
              "AccessControl"
            ],
            "isLet": true,
            "hasStorage": true,
            "accessors": [
              {
                "kind": "Accessor",
                "name": "Get",
                "printedName": "Get()",
                "children": [
                  {
                    "kind": "TypeNominal",
                    "name": "String",
                    "printedName": "Swift.String",
                    "usr": "s:SS"
                  }
                ],
                "declKind": "Accessor",
                "usr": "s:8LVPlugin9MyLVLoginV2idSSvg",
                "mangledName": "$s8LVPlugin9MyLVLoginV2idSSvg",
                "moduleName": "LVPlugin",
                "implicit": true,
                "accessorKind": "get"
              }
            ]
          },
          {
            "kind": "Constructor",
            "name": "init",
            "printedName": "init(from:)",
            "children": [
              {
                "kind": "TypeNominal",
                "name": "MyLVLogin",
                "printedName": "LVPlugin.MyLVLogin",
                "usr": "s:8LVPlugin9MyLVLoginV"
              },
              {
                "kind": "TypeNominal",
                "name": "Decoder",
                "printedName": "Swift.Decoder",
                "usr": "s:s7DecoderP"
              }
            ],
            "declKind": "Constructor",
            "usr": "s:8LVPlugin9MyLVLoginV4fromACs7Decoder_p_tKcfc",
            "mangledName": "$s8LVPlugin9MyLVLoginV4fromACs7Decoder_p_tKcfc",
            "moduleName": "LVPlugin",
            "implicit": true,
            "throwing": true,
            "init_kind": "Designated"
          },
          {
            "kind": "Function",
            "name": "encode",
            "printedName": "encode(to:)",
            "children": [
              {
                "kind": "TypeNominal",
                "name": "Void",
                "printedName": "()"
              },
              {
                "kind": "TypeNominal",
                "name": "Encoder",
                "printedName": "Swift.Encoder",
                "usr": "s:s7EncoderP"
              }
            ],
            "declKind": "Func",
            "usr": "s:8LVPlugin9MyLVLoginV6encode2toys7Encoder_p_tKF",
            "mangledName": "$s8LVPlugin9MyLVLoginV6encode2toys7Encoder_p_tKF",
            "moduleName": "LVPlugin",
            "implicit": true,
            "throwing": true,
            "funcSelfKind": "NonMutating"
          }
        ],
        "declKind": "Struct",
        "usr": "s:8LVPlugin9MyLVLoginV",
        "mangledName": "$s8LVPlugin9MyLVLoginV",
        "moduleName": "LVPlugin",
        "declAttributes": [
          "AccessControl"
        ],
        "conformances": [
          {
            "kind": "Conformance",
            "name": "Decodable",
            "printedName": "Decodable",
            "usr": "s:Se",
            "mangledName": "$sSe"
          },
          {
            "kind": "Conformance",
            "name": "Encodable",
            "printedName": "Encodable",
            "usr": "s:SE",
            "mangledName": "$sSE"
          },
          {
            "kind": "Conformance",
            "name": "Identifiable",
            "printedName": "Identifiable",
            "children": [
              {
                "kind": "TypeWitness",
                "name": "ID",
                "printedName": "ID",
                "children": [
                  {
                    "kind": "TypeNominal",
                    "name": "String",
                    "printedName": "Swift.String",
                    "usr": "s:SS"
                  }
                ]
              }
            ],
            "usr": "s:s12IdentifiableP",
            "mangledName": "$ss12IdentifiableP"
          }
        ]
      },
      {
        "kind": "TypeDecl",
        "name": "MyLVLoginStep",
        "printedName": "MyLVLoginStep",
        "children": [
          {
            "kind": "Function",
            "name": "instantiateViewController",
            "printedName": "instantiateViewController()",
            "children": [
              {
                "kind": "TypeNominal",
                "name": "StepViewController",
                "printedName": "MobileWorkflowCore.StepViewController",
                "usr": "s:18MobileWorkflowCore18StepViewControllerP"
              }
            ],
            "declKind": "Func",
            "usr": "s:8LVPlugin13MyLVLoginStepC25instantiateViewController18MobileWorkflowCore0dfG0_pyF",
            "mangledName": "$s8LVPlugin13MyLVLoginStepC25instantiateViewController18MobileWorkflowCore0dfG0_pyF",
            "moduleName": "LVPlugin",
            "overriding": true,
            "declAttributes": [
              "Override",
              "AccessControl"
            ],
            "funcSelfKind": "NonMutating"
          },
          {
            "kind": "Constructor",
            "name": "init",
            "printedName": "init(identifier:session:services:)",
            "children": [
              {
                "kind": "TypeNominal",
                "name": "MyLVLoginStep",
                "printedName": "LVPlugin.MyLVLoginStep",
                "usr": "s:8LVPlugin13MyLVLoginStepC"
              },
              {
                "kind": "TypeNominal",
                "name": "String",
                "printedName": "Swift.String",
                "usr": "s:SS"
              },
              {
                "kind": "TypeNominal",
                "name": "Session",
                "printedName": "MobileWorkflowCore.Session",
                "usr": "s:18MobileWorkflowCore7SessionC"
              },
              {
                "kind": "TypeNominal",
                "name": "StepServices",
                "printedName": "MobileWorkflowCore.StepServices",
                "usr": "s:18MobileWorkflowCore12StepServicesC"
              }
            ],
            "declKind": "Constructor",
            "usr": "s:8LVPlugin13MyLVLoginStepC10identifier7session8servicesACSS_18MobileWorkflowCore7SessionCAG0D8ServicesCtcfc",
            "mangledName": "$s8LVPlugin13MyLVLoginStepC10identifier7session8servicesACSS_18MobileWorkflowCore7SessionCAG0D8ServicesCtcfc",
            "moduleName": "LVPlugin",
            "overriding": true,
            "implicit": true,
            "declAttributes": [
              "Override"
            ],
            "init_kind": "Designated"
          },
          {
            "kind": "Function",
            "name": "build",
            "printedName": "build(stepInfo:services:)",
            "children": [
              {
                "kind": "TypeNominal",
                "name": "Step",
                "printedName": "MobileWorkflowCore.Step",
                "usr": "s:18MobileWorkflowCore4StepP"
              },
              {
                "kind": "TypeNominal",
                "name": "StepInfo",
                "printedName": "MobileWorkflowCore.StepInfo",
                "usr": "s:18MobileWorkflowCore8StepInfoV"
              },
              {
                "kind": "TypeNominal",
                "name": "StepServices",
                "printedName": "MobileWorkflowCore.StepServices",
                "usr": "s:18MobileWorkflowCore12StepServicesC"
              }
            ],
            "declKind": "Func",
            "usr": "s:8LVPlugin13MyLVLoginStepC5build8stepInfo8services18MobileWorkflowCore0D0_pAG0dG0V_AG0D8ServicesCtKFZ",
            "mangledName": "$s8LVPlugin13MyLVLoginStepC5build8stepInfo8services18MobileWorkflowCore0D0_pAG0dG0V_AG0D8ServicesCtKFZ",
            "moduleName": "LVPlugin",
            "static": true,
            "declAttributes": [
              "Final",
              "AccessControl"
            ],
            "isFromExtension": true,
            "throwing": true,
            "funcSelfKind": "NonMutating"
          }
        ],
        "declKind": "Class",
        "usr": "s:8LVPlugin13MyLVLoginStepC",
        "mangledName": "$s8LVPlugin13MyLVLoginStepC",
        "moduleName": "LVPlugin",
        "declAttributes": [
          "AccessControl"
        ],
        "superclassUsr": "s:18MobileWorkflowCore14ObservableStepC",
        "inheritsConvenienceInitializers": true,
        "superclassNames": [
          "MobileWorkflowCore.ObservableStep",
          "MobileWorkflowCore.MWStep"
        ],
        "conformances": [
          {
            "kind": "Conformance",
            "name": "BuildableStep",
            "printedName": "BuildableStep",
            "usr": "s:18MobileWorkflowCore13BuildableStepP",
            "mangledName": "$s18MobileWorkflowCore13BuildableStepP"
          },
          {
            "kind": "Conformance",
            "name": "StepViewModel",
            "printedName": "StepViewModel",
            "usr": "s:18MobileWorkflowCore13StepViewModelP",
            "mangledName": "$s18MobileWorkflowCore13StepViewModelP"
          },
          {
            "kind": "Conformance",
            "name": "ObservableObject",
            "printedName": "ObservableObject",
            "children": [
              {
                "kind": "TypeWitness",
                "name": "ObjectWillChangePublisher",
                "printedName": "ObjectWillChangePublisher",
                "children": [
                  {
                    "kind": "TypeNominal",
                    "name": "ObservableObjectPublisher",
                    "printedName": "Combine.ObservableObjectPublisher",
                    "usr": "s:7Combine25ObservableObjectPublisherC"
                  }
                ]
              }
            ],
            "usr": "s:7Combine16ObservableObjectP",
            "mangledName": "$s7Combine16ObservableObjectP"
          },
          {
            "kind": "Conformance",
            "name": "Step",
            "printedName": "Step",
            "usr": "s:18MobileWorkflowCore4StepP",
            "mangledName": "$s18MobileWorkflowCore4StepP"
          }
        ]
      },
      {
        "kind": "TypeDecl",
        "name": "MyLVLoginStepViewController",
        "printedName": "MyLVLoginStepViewController",
        "children": [
          {
            "kind": "Var",
            "name": "titleMode",
            "printedName": "titleMode",
            "children": [
              {
                "kind": "TypeNominal",
                "name": "StepViewControllerTitleMode",
                "printedName": "MobileWorkflowCore.StepViewControllerTitleMode",
                "usr": "s:18MobileWorkflowCore27StepViewControllerTitleModeO"
              }
            ],
            "declKind": "Var",
            "usr": "s:8LVPlugin27MyLVLoginStepViewControllerC9titleMode18MobileWorkflowCore0def5TitleH0Ovp",
            "mangledName": "$s8LVPlugin27MyLVLoginStepViewControllerC9titleMode18MobileWorkflowCore0def5TitleH0Ovp",
            "moduleName": "LVPlugin",
            "overriding": true,
            "declAttributes": [
              "Custom",
              "Override",
              "AccessControl"
            ],
            "accessors": [
              {
                "kind": "Accessor",
                "name": "Get",
                "printedName": "Get()",
                "children": [
                  {
                    "kind": "TypeNominal",
                    "name": "StepViewControllerTitleMode",
                    "printedName": "MobileWorkflowCore.StepViewControllerTitleMode",
                    "usr": "s:18MobileWorkflowCore27StepViewControllerTitleModeO"
                  }
                ],
                "declKind": "Accessor",
                "usr": "s:8LVPlugin27MyLVLoginStepViewControllerC9titleMode18MobileWorkflowCore0def5TitleH0Ovg",
                "mangledName": "$s8LVPlugin27MyLVLoginStepViewControllerC9titleMode18MobileWorkflowCore0def5TitleH0Ovg",
                "moduleName": "LVPlugin",
                "overriding": true,
                "accessorKind": "get"
              }
            ]
          },
          {
            "kind": "Function",
            "name": "viewDidLoad",
            "printedName": "viewDidLoad()",
            "children": [
              {
                "kind": "TypeNominal",
                "name": "Void",
                "printedName": "()"
              }
            ],
            "declKind": "Func",
            "usr": "c:@M@LVPlugin@objc(cs)MyLVLoginStepViewController(im)viewDidLoad",
            "mangledName": "$s8LVPlugin27MyLVLoginStepViewControllerC11viewDidLoadyyF",
            "moduleName": "LVPlugin",
            "overriding": true,
            "objc_name": "viewDidLoad",
            "declAttributes": [
              "Dynamic",
              "ObjC",
              "Custom",
              "Override",
              "AccessControl"
            ],
            "funcSelfKind": "NonMutating"
          },
          {
            "kind": "Constructor",
            "name": "init",
            "printedName": "init(step:nibName:bundle:)",
            "children": [
              {
                "kind": "TypeNominal",
                "name": "MyLVLoginStepViewController",
                "printedName": "LVPlugin.MyLVLoginStepViewController",
                "usr": "c:@M@LVPlugin@objc(cs)MyLVLoginStepViewController"
              },
              {
                "kind": "TypeNominal",
                "name": "Step",
                "printedName": "MobileWorkflowCore.Step",
                "usr": "s:18MobileWorkflowCore4StepP"
              },
              {
                "kind": "TypeNominal",
                "name": "Optional",
                "printedName": "Swift.String?",
                "children": [
                  {
                    "kind": "TypeNominal",
                    "name": "String",
                    "printedName": "Swift.String",
                    "usr": "s:SS"
                  }
                ],
                "usr": "s:Sq"
              },
              {
                "kind": "TypeNominal",
                "name": "Optional",
                "printedName": "Foundation.Bundle?",
                "children": [
                  {
                    "kind": "TypeNominal",
                    "name": "Bundle",
                    "printedName": "Foundation.Bundle",
                    "usr": "c:objc(cs)NSBundle"
                  }
                ],
                "usr": "s:Sq"
              }
            ],
            "declKind": "Constructor",
            "usr": "s:8LVPlugin27MyLVLoginStepViewControllerC4step7nibName6bundleAC18MobileWorkflowCore0D0_p_SSSgSo8NSBundleCSgtcfc",
            "mangledName": "$s8LVPlugin27MyLVLoginStepViewControllerC4step7nibName6bundleAC18MobileWorkflowCore0D0_p_SSSgSo8NSBundleCSgtcfc",
            "moduleName": "LVPlugin",
            "overriding": true,
            "implicit": true,
            "declAttributes": [
              "Custom",
              "Override"
            ],
            "init_kind": "Designated"
          },
          {
            "kind": "Constructor",
            "name": "init",
            "printedName": "init(step:)",
            "children": [
              {
                "kind": "TypeNominal",
                "name": "MyLVLoginStepViewController",
                "printedName": "LVPlugin.MyLVLoginStepViewController",
                "usr": "c:@M@LVPlugin@objc(cs)MyLVLoginStepViewController"
              },
              {
                "kind": "TypeNominal",
                "name": "Step",
                "printedName": "MobileWorkflowCore.Step",
                "usr": "s:18MobileWorkflowCore4StepP"
              }
            ],
            "declKind": "Constructor",
            "usr": "s:8LVPlugin27MyLVLoginStepViewControllerC4stepAC18MobileWorkflowCore0D0_p_tcfc",
            "mangledName": "$s8LVPlugin27MyLVLoginStepViewControllerC4stepAC18MobileWorkflowCore0D0_p_tcfc",
            "moduleName": "LVPlugin",
            "overriding": true,
            "implicit": true,
            "declAttributes": [
              "Custom",
              "Override"
            ],
            "init_kind": "Designated"
          },
          {
            "kind": "Constructor",
            "name": "init",
            "printedName": "init(coder:)",
            "children": [
              {
                "kind": "TypeNominal",
                "name": "Optional",
                "printedName": "LVPlugin.MyLVLoginStepViewController?",
                "children": [
                  {
                    "kind": "TypeNominal",
                    "name": "MyLVLoginStepViewController",
                    "printedName": "LVPlugin.MyLVLoginStepViewController",
                    "usr": "c:@M@LVPlugin@objc(cs)MyLVLoginStepViewController"
                  }
                ],
                "usr": "s:Sq"
              },
              {
                "kind": "TypeNominal",
                "name": "NSCoder",
                "printedName": "Foundation.NSCoder",
                "usr": "c:objc(cs)NSCoder"
              }
            ],
            "declKind": "Constructor",
            "usr": "c:@M@LVPlugin@objc(cs)MyLVLoginStepViewController(im)initWithCoder:",
            "mangledName": "$s8LVPlugin27MyLVLoginStepViewControllerC5coderACSgSo7NSCoderC_tcfc",
            "moduleName": "LVPlugin",
            "overriding": true,
            "implicit": true,
            "objc_name": "initWithCoder:",
            "declAttributes": [
              "Dynamic",
              "ObjC",
              "Custom",
              "Required"
            ],
            "init_kind": "Designated"
          }
        ],
        "declKind": "Class",
        "usr": "c:@M@LVPlugin@objc(cs)MyLVLoginStepViewController",
        "mangledName": "$s8LVPlugin27MyLVLoginStepViewControllerC",
        "moduleName": "LVPlugin",
        "declAttributes": [
          "Custom",
          "AccessControl",
          "ObjC"
        ],
        "superclassUsr": "c:@M@MobileWorkflowCore@objc(cs)MWStepViewController",
        "inheritsConvenienceInitializers": true,
        "superclassNames": [
          "MobileWorkflowCore.MWStepViewController",
          "UIKit.UIViewController",
          "UIKit.UIResponder",
          "ObjectiveC.NSObject"
        ],
        "conformances": [
          {
            "kind": "Conformance",
            "name": "StepViewController",
            "printedName": "StepViewController",
            "usr": "s:18MobileWorkflowCore18StepViewControllerP",
            "mangledName": "$s18MobileWorkflowCore18StepViewControllerP"
          },
          {
            "kind": "Conformance",
            "name": "Equatable",
            "printedName": "Equatable",
            "usr": "s:SQ",
            "mangledName": "$sSQ"
          },
          {
            "kind": "Conformance",
            "name": "Hashable",
            "printedName": "Hashable",
            "usr": "s:SH",
            "mangledName": "$sSH"
          },
          {
            "kind": "Conformance",
            "name": "CVarArg",
            "printedName": "CVarArg",
            "usr": "s:s7CVarArgP",
            "mangledName": "$ss7CVarArgP"
          },
          {
            "kind": "Conformance",
            "name": "_KeyValueCodingAndObservingPublishing",
            "printedName": "_KeyValueCodingAndObservingPublishing",
            "usr": "s:10Foundation37_KeyValueCodingAndObservingPublishingP",
            "mangledName": "$s10Foundation37_KeyValueCodingAndObservingPublishingP"
          },
          {
            "kind": "Conformance",
            "name": "_KeyValueCodingAndObserving",
            "printedName": "_KeyValueCodingAndObserving",
            "usr": "s:10Foundation27_KeyValueCodingAndObservingP",
            "mangledName": "$s10Foundation27_KeyValueCodingAndObservingP"
          },
          {
            "kind": "Conformance",
            "name": "CustomStringConvertible",
            "printedName": "CustomStringConvertible",
            "usr": "s:s23CustomStringConvertibleP",
            "mangledName": "$ss23CustomStringConvertibleP"
          },
          {
            "kind": "Conformance",
            "name": "CustomDebugStringConvertible",
            "printedName": "CustomDebugStringConvertible",
            "usr": "s:s28CustomDebugStringConvertibleP",
            "mangledName": "$ss28CustomDebugStringConvertibleP"
          }
        ]
      },
      {
        "kind": "Import",
        "name": "Foundation",
        "printedName": "Foundation",
        "declKind": "Import",
        "moduleName": "LVPlugin",
        "declAttributes": [
          "RawDocComment"
        ]
      },
      {
        "kind": "Import",
        "name": "SwiftUI",
        "printedName": "SwiftUI",
        "declKind": "Import",
        "moduleName": "LVPlugin"
      },
      {
        "kind": "Import",
        "name": "WebKit",
        "printedName": "WebKit",
        "declKind": "Import",
        "moduleName": "LVPlugin"
      }
    ],
    "json_format_version": 8
  },
  "ConstValues": [
    {
      "filePath": "\/Users\/vagrant\/git\/project\/LVPlugin\/LVPlugin\/Steps\/ARWebViewStep.swift",
      "kind": "StringLiteral",
      "offset": 226,
      "length": 13,
      "value": "\"LVPlugin.ARWebViewStep\""
    },
    {
      "filePath": "\/Users\/vagrant\/git\/project\/LVPlugin\/LVPlugin\/Steps\/ARWebViewStep.swift",
      "kind": "StringLiteral",
      "offset": 1780,
      "length": 11,
      "value": "\"ARWebView\""
    },
    {
      "filePath": "\/Users\/vagrant\/git\/project\/LVPlugin\/LVPlugin\/LVPluginStruct.swift",
      "kind": "StringLiteral",
      "offset": 287,
      "length": 37,
      "value": "\"com.louisvuitton.general.ar-webview\""
    },
    {
      "filePath": "\/Users\/vagrant\/git\/project\/LVPlugin\/LVPlugin\/LVPluginStruct.swift",
      "kind": "StringLiteral",
      "offset": 339,
      "length": 37,
      "value": "\"com.louisvuitton.general.mylv-login\""
    },
    {
      "filePath": "\/Users\/vagrant\/git\/project\/LVPlugin\/LVPlugin\/LVPluginStruct.swift",
      "kind": "StringLiteral",
      "offset": 287,
      "length": 37,
      "value": "\"com.louisvuitton.general.ar-webview\""
    },
    {
      "filePath": "\/Users\/vagrant\/git\/project\/LVPlugin\/LVPlugin\/LVPluginStruct.swift",
      "kind": "StringLiteral",
      "offset": 339,
      "length": 37,
      "value": "\"com.louisvuitton.general.mylv-login\""
    },
    {
      "filePath": "\/Users\/vagrant\/git\/project\/LVPlugin\/LVPlugin\/Steps\/MyLVLoginStep.swift",
      "kind": "StringLiteral",
      "offset": 1308,
      "length": 11,
      "value": "\"MyLVLogin\""
    },
    {
      "filePath": "\/Users\/vagrant\/git\/project\/LVPlugin\/LVPlugin\/Views\/WebView.swift",
      "kind": "StringLiteral",
      "offset": 1773,
      "length": 1092,
      "value": "\"    function log(emoji, type, args) {\n      window.webkit.messageHandlers.logging.postMessage(\n        `${emoji} JS ${type}: ${Object.values(args)\n          .map(v => typeof(v) === \"undefined\" ? \"undefined\" : typeof(v) === \"object\" ? JSON.stringify(v) : v.toString())\n          .map(v => v.substring(0, 3000)) \/\/ Limit msg to 3000 chars\n          .join(\", \")}`\n      )\n    }\n\n    let originalLog = console.log\n    let originalWarn = console.warn\n    let originalError = console.error\n    let originalDebug = console.debug\n\n    console.log = function() { log(\"📗\", \"log\", arguments); originalLog.apply(null, arguments) }\n    console.warn = function() { log(\"📙\", \"warning\", arguments); originalWarn.apply(null, arguments) }\n    console.error = function() { log(\"📕\", \"error\", arguments); originalError.apply(null, arguments) }\n    console.debug = function() { log(\"📘\", \"debug\", arguments); originalDebug.apply(null, arguments) }\n\n    window.addEventListener(\"error\", function(e) {\n       log(\"💥\", \"Uncaught\", [`${e.message} at ${e.filename}:${e.lineno}:${e.colno}`])\n    })\""
    },
    {
      "filePath": "\/Users\/vagrant\/git\/project\/LVPlugin\/LVPlugin\/Views\/WebView.swift",
      "kind": "BooleanLiteral",
      "offset": 3747,
      "length": 5,
      "value": "false"
    }
  ]
}