{
  "ABIRoot": {
    "kind": "Root",
    "name": "TopLevel",
    "printedName": "TopLevel",
    "children": [
      {
        "kind": "Import",
        "name": "Foundation",
        "printedName": "Foundation",
        "declKind": "Import",
        "moduleName": "SFSafariViewControllerPlugin",
        "declAttributes": [
          "RawDocComment"
        ]
      },
      {
        "kind": "Import",
        "name": "MobileWorkflowCore",
        "printedName": "MobileWorkflowCore",
        "declKind": "Import",
        "moduleName": "SFSafariViewControllerPlugin"
      },
      {
        "kind": "TypeDecl",
        "name": "SFSafariViewControllerPluginStruct",
        "printedName": "SFSafariViewControllerPluginStruct",
        "children": [
          {
            "kind": "Var",
            "name": "allStepsTypes",
            "printedName": "allStepsTypes",
            "children": [
              {
                "kind": "TypeNominal",
                "name": "Array",
                "printedName": "[MobileWorkflowCore.StepType]",
                "children": [
                  {
                    "kind": "TypeNominal",
                    "name": "StepType",
                    "printedName": "MobileWorkflowCore.StepType",
                    "usr": "s:18MobileWorkflowCore8StepTypeP"
                  }
                ],
                "usr": "s:Sa"
              }
            ],
            "declKind": "Var",
            "usr": "s:28SFSafariViewControllerPlugin0abcD6StructV13allStepsTypesSay18MobileWorkflowCore8StepType_pGvpZ",
            "mangledName": "$s28SFSafariViewControllerPlugin0abcD6StructV13allStepsTypesSay18MobileWorkflowCore8StepType_pGvpZ",
            "moduleName": "SFSafariViewControllerPlugin",
            "static": true,
            "declAttributes": [
              "AccessControl"
            ],
            "accessors": [
              {
                "kind": "Accessor",
                "name": "Get",
                "printedName": "Get()",
                "children": [
                  {
                    "kind": "TypeNominal",
                    "name": "Array",
                    "printedName": "[MobileWorkflowCore.StepType]",
                    "children": [
                      {
                        "kind": "TypeNominal",
                        "name": "StepType",
                        "printedName": "MobileWorkflowCore.StepType",
                        "usr": "s:18MobileWorkflowCore8StepTypeP"
                      }
                    ],
                    "usr": "s:Sa"
                  }
                ],
                "declKind": "Accessor",
                "usr": "s:28SFSafariViewControllerPlugin0abcD6StructV13allStepsTypesSay18MobileWorkflowCore8StepType_pGvgZ",
                "mangledName": "$s28SFSafariViewControllerPlugin0abcD6StructV13allStepsTypesSay18MobileWorkflowCore8StepType_pGvgZ",
                "moduleName": "SFSafariViewControllerPlugin",
                "static": true,
                "accessorKind": "get"
              }
            ]
          }
        ],
        "declKind": "Struct",
        "usr": "s:28SFSafariViewControllerPlugin0abcD6StructV",
        "mangledName": "$s28SFSafariViewControllerPlugin0abcD6StructV",
        "moduleName": "SFSafariViewControllerPlugin",
        "declAttributes": [
          "AccessControl"
        ],
        "conformances": [
          {
            "kind": "Conformance",
            "name": "Plugin",
            "printedName": "Plugin",
            "usr": "s:18MobileWorkflowCore6PluginP",
            "mangledName": "$s18MobileWorkflowCore6PluginP"
          }
        ]
      },
      {
        "kind": "Import",
        "name": "Foundation",
        "printedName": "Foundation",
        "declKind": "Import",
        "moduleName": "SFSafariViewControllerPlugin",
        "declAttributes": [
          "RawDocComment"
        ]
      },
      {
        "kind": "Import",
        "name": "MobileWorkflowCore",
        "printedName": "MobileWorkflowCore",
        "declKind": "Import",
        "moduleName": "SFSafariViewControllerPlugin"
      },
      {
        "kind": "Import",
        "name": "SafariServices",
        "printedName": "SafariServices",
        "declKind": "Import",
        "moduleName": "SFSafariViewControllerPlugin"
      },
      {
        "kind": "TypeDecl",
        "name": "WebView",
        "printedName": "WebView",
        "children": [
          {
            "kind": "Var",
            "name": "id",
            "printedName": "id",
            "children": [
              {
                "kind": "TypeNominal",
                "name": "String",
                "printedName": "Swift.String",
                "usr": "s:SS"
              }
            ],
            "declKind": "Var",
            "usr": "s:28SFSafariViewControllerPlugin03WebB0V2idSSvp",
            "mangledName": "$s28SFSafariViewControllerPlugin03WebB0V2idSSvp",
            "moduleName": "SFSafariViewControllerPlugin",
            "declAttributes": [
              "HasStorage",
              "AccessControl"
            ],
            "isLet": true,
            "hasStorage": true,
            "accessors": [
              {
                "kind": "Accessor",
                "name": "Get",
                "printedName": "Get()",
                "children": [
                  {
                    "kind": "TypeNominal",
                    "name": "String",
                    "printedName": "Swift.String",
                    "usr": "s:SS"
                  }
                ],
                "declKind": "Accessor",
                "usr": "s:28SFSafariViewControllerPlugin03WebB0V2idSSvg",
                "mangledName": "$s28SFSafariViewControllerPlugin03WebB0V2idSSvg",
                "moduleName": "SFSafariViewControllerPlugin",
                "implicit": true,
                "accessorKind": "get"
              }
            ]
          },
          {
            "kind": "Constructor",
            "name": "init",
            "printedName": "init(from:)",
            "children": [
              {
                "kind": "TypeNominal",
                "name": "WebView",
                "printedName": "SFSafariViewControllerPlugin.WebView",
                "usr": "s:28SFSafariViewControllerPlugin03WebB0V"
              },
              {
                "kind": "TypeNominal",
                "name": "Decoder",
                "printedName": "Swift.Decoder",
                "usr": "s:s7DecoderP"
              }
            ],
            "declKind": "Constructor",
            "usr": "s:28SFSafariViewControllerPlugin03WebB0V4fromACs7Decoder_p_tKcfc",
            "mangledName": "$s28SFSafariViewControllerPlugin03WebB0V4fromACs7Decoder_p_tKcfc",
            "moduleName": "SFSafariViewControllerPlugin",
            "implicit": true,
            "throwing": true,
            "init_kind": "Designated"
          },
          {
            "kind": "Function",
            "name": "encode",
            "printedName": "encode(to:)",
            "children": [
              {
                "kind": "TypeNominal",
                "name": "Void",
                "printedName": "()"
              },
              {
                "kind": "TypeNominal",
                "name": "Encoder",
                "printedName": "Swift.Encoder",
                "usr": "s:s7EncoderP"
              }
            ],
            "declKind": "Func",
            "usr": "s:28SFSafariViewControllerPlugin03WebB0V6encode2toys7Encoder_p_tKF",
            "mangledName": "$s28SFSafariViewControllerPlugin03WebB0V6encode2toys7Encoder_p_tKF",
            "moduleName": "SFSafariViewControllerPlugin",
            "implicit": true,
            "throwing": true,
            "funcSelfKind": "NonMutating"
          }
        ],
        "declKind": "Struct",
        "usr": "s:28SFSafariViewControllerPlugin03WebB0V",
        "mangledName": "$s28SFSafariViewControllerPlugin03WebB0V",
        "moduleName": "SFSafariViewControllerPlugin",
        "declAttributes": [
          "AccessControl"
        ],
        "conformances": [
          {
            "kind": "Conformance",
            "name": "Decodable",
            "printedName": "Decodable",
            "usr": "s:Se",
            "mangledName": "$sSe"
          },
          {
            "kind": "Conformance",
            "name": "Encodable",
            "printedName": "Encodable",
            "usr": "s:SE",
            "mangledName": "$sSE"
          },
          {
            "kind": "Conformance",
            "name": "Identifiable",
            "printedName": "Identifiable",
            "children": [
              {
                "kind": "TypeWitness",
                "name": "ID",
                "printedName": "ID",
                "children": [
                  {
                    "kind": "TypeNominal",
                    "name": "String",
                    "printedName": "Swift.String",
                    "usr": "s:SS"
                  }
                ]
              }
            ],
            "usr": "s:s12IdentifiableP",
            "mangledName": "$ss12IdentifiableP"
          }
        ]
      },
      {
        "kind": "TypeDecl",
        "name": "WebViewStep",
        "printedName": "WebViewStep",
        "children": [
          {
            "kind": "Constructor",
            "name": "init",
            "printedName": "init(identifier:url:session:services:)",
            "children": [
              {
                "kind": "TypeNominal",
                "name": "WebViewStep",
                "printedName": "SFSafariViewControllerPlugin.WebViewStep",
                "usr": "s:28SFSafariViewControllerPlugin03WebB4StepC"
              },
              {
                "kind": "TypeNominal",
                "name": "String",
                "printedName": "Swift.String",
                "usr": "s:SS"
              },
              {
                "kind": "TypeNominal",
                "name": "String",
                "printedName": "Swift.String",
                "usr": "s:SS"
              },
              {
                "kind": "TypeNominal",
                "name": "Session",
                "printedName": "MobileWorkflowCore.Session",
                "usr": "s:18MobileWorkflowCore7SessionC"
              },
              {
                "kind": "TypeNominal",
                "name": "StepServices",
                "printedName": "MobileWorkflowCore.StepServices",
                "usr": "s:18MobileWorkflowCore12StepServicesC"
              }
            ],
            "declKind": "Constructor",
            "usr": "s:28SFSafariViewControllerPlugin03WebB4StepC10identifier3url7session8servicesACSS_SS18MobileWorkflowCore7SessionCAH0F8ServicesCtcfc",
            "mangledName": "$s28SFSafariViewControllerPlugin03WebB4StepC10identifier3url7session8servicesACSS_SS18MobileWorkflowCore7SessionCAH0F8ServicesCtcfc",
            "moduleName": "SFSafariViewControllerPlugin",
            "declAttributes": [
              "AccessControl"
            ],
            "init_kind": "Designated"
          },
          {
            "kind": "Function",
            "name": "instantiateViewController",
            "printedName": "instantiateViewController()",
            "children": [
              {
                "kind": "TypeNominal",
                "name": "StepViewController",
                "printedName": "MobileWorkflowCore.StepViewController",
                "usr": "s:18MobileWorkflowCore18StepViewControllerP"
              }
            ],
            "declKind": "Func",
            "usr": "s:28SFSafariViewControllerPlugin03WebB4StepC011instantiatebC018MobileWorkflowCore0fbC0_pyF",
            "mangledName": "$s28SFSafariViewControllerPlugin03WebB4StepC011instantiatebC018MobileWorkflowCore0fbC0_pyF",
            "moduleName": "SFSafariViewControllerPlugin",
            "overriding": true,
            "declAttributes": [
              "Override",
              "AccessControl"
            ],
            "funcSelfKind": "NonMutating"
          },
          {
            "kind": "Constructor",
            "name": "init",
            "printedName": "init(identifier:session:services:)",
            "children": [
              {
                "kind": "TypeNominal",
                "name": "WebViewStep",
                "printedName": "SFSafariViewControllerPlugin.WebViewStep",
                "usr": "s:28SFSafariViewControllerPlugin03WebB4StepC"
              },
              {
                "kind": "TypeNominal",
                "name": "String",
                "printedName": "Swift.String",
                "usr": "s:SS"
              },
              {
                "kind": "TypeNominal",
                "name": "Session",
                "printedName": "MobileWorkflowCore.Session",
                "usr": "s:18MobileWorkflowCore7SessionC"
              },
              {
                "kind": "TypeNominal",
                "name": "StepServices",
                "printedName": "MobileWorkflowCore.StepServices",
                "usr": "s:18MobileWorkflowCore12StepServicesC"
              }
            ],
            "declKind": "Constructor",
            "usr": "s:28SFSafariViewControllerPlugin03WebB4StepC10identifier7session8servicesACSS_18MobileWorkflowCore7SessionCAG0F8ServicesCtcfc",
            "mangledName": "$s28SFSafariViewControllerPlugin03WebB4StepC10identifier7session8servicesACSS_18MobileWorkflowCore7SessionCAG0F8ServicesCtcfc",
            "moduleName": "SFSafariViewControllerPlugin",
            "overriding": true,
            "implicit": true,
            "declAttributes": [
              "Override"
            ],
            "init_kind": "Designated"
          },
          {
            "kind": "Var",
            "name": "mandatoryCodingPaths",
            "printedName": "mandatoryCodingPaths",
            "children": [
              {
                "kind": "TypeNominal",
                "name": "Array",
                "printedName": "[Swift.CodingKey]",
                "children": [
                  {
                    "kind": "TypeNominal",
                    "name": "CodingKey",
                    "printedName": "Swift.CodingKey",
                    "usr": "s:s9CodingKeyP"
                  }
                ],
                "usr": "s:Sa"
              }
            ],
            "declKind": "Var",
            "usr": "s:28SFSafariViewControllerPlugin03WebB4StepC20mandatoryCodingPathsSays0H3Key_pGvpZ",
            "mangledName": "$s28SFSafariViewControllerPlugin03WebB4StepC20mandatoryCodingPathsSays0H3Key_pGvpZ",
            "moduleName": "SFSafariViewControllerPlugin",
            "static": true,
            "declAttributes": [
              "Final",
              "AccessControl"
            ],
            "isFromExtension": true,
            "accessors": [
              {
                "kind": "Accessor",
                "name": "Get",
                "printedName": "Get()",
                "children": [
                  {
                    "kind": "TypeNominal",
                    "name": "Array",
                    "printedName": "[Swift.CodingKey]",
                    "children": [
                      {
                        "kind": "TypeNominal",
                        "name": "CodingKey",
                        "printedName": "Swift.CodingKey",
                        "usr": "s:s9CodingKeyP"
                      }
                    ],
                    "usr": "s:Sa"
                  }
                ],
                "declKind": "Accessor",
                "usr": "s:28SFSafariViewControllerPlugin03WebB4StepC20mandatoryCodingPathsSays0H3Key_pGvgZ",
                "mangledName": "$s28SFSafariViewControllerPlugin03WebB4StepC20mandatoryCodingPathsSays0H3Key_pGvgZ",
                "moduleName": "SFSafariViewControllerPlugin",
                "static": true,
                "declAttributes": [
                  "Final"
                ],
                "isFromExtension": true,
                "accessorKind": "get"
              }
            ]
          },
          {
            "kind": "Function",
            "name": "build",
            "printedName": "build(stepInfo:services:)",
            "children": [
              {
                "kind": "TypeNominal",
                "name": "Step",
                "printedName": "MobileWorkflowCore.Step",
                "usr": "s:18MobileWorkflowCore4StepP"
              },
              {
                "kind": "TypeNominal",
                "name": "StepInfo",
                "printedName": "MobileWorkflowCore.StepInfo",
                "usr": "s:18MobileWorkflowCore8StepInfoV"
              },
              {
                "kind": "TypeNominal",
                "name": "StepServices",
                "printedName": "MobileWorkflowCore.StepServices",
                "usr": "s:18MobileWorkflowCore12StepServicesC"
              }
            ],
            "declKind": "Func",
            "usr": "s:28SFSafariViewControllerPlugin03WebB4StepC5build8stepInfo8services18MobileWorkflowCore0F0_pAG0fI0V_AG0F8ServicesCtKFZ",
            "mangledName": "$s28SFSafariViewControllerPlugin03WebB4StepC5build8stepInfo8services18MobileWorkflowCore0F0_pAG0fI0V_AG0F8ServicesCtKFZ",
            "moduleName": "SFSafariViewControllerPlugin",
            "static": true,
            "declAttributes": [
              "Final",
              "AccessControl"
            ],
            "isFromExtension": true,
            "throwing": true,
            "funcSelfKind": "NonMutating"
          }
        ],
        "declKind": "Class",
        "usr": "s:28SFSafariViewControllerPlugin03WebB4StepC",
        "mangledName": "$s28SFSafariViewControllerPlugin03WebB4StepC",
        "moduleName": "SFSafariViewControllerPlugin",
        "declAttributes": [
          "AccessControl"
        ],
        "superclassUsr": "s:18MobileWorkflowCore14ObservableStepC",
        "superclassNames": [
          "MobileWorkflowCore.ObservableStep",
          "MobileWorkflowCore.MWStep"
        ],
        "conformances": [
          {
            "kind": "Conformance",
            "name": "BuildableStep",
            "printedName": "BuildableStep",
            "usr": "s:18MobileWorkflowCore13BuildableStepP",
            "mangledName": "$s18MobileWorkflowCore13BuildableStepP"
          },
          {
            "kind": "Conformance",
            "name": "StepViewModel",
            "printedName": "StepViewModel",
            "usr": "s:18MobileWorkflowCore13StepViewModelP",
            "mangledName": "$s18MobileWorkflowCore13StepViewModelP"
          },
          {
            "kind": "Conformance",
            "name": "ObservableObject",
            "printedName": "ObservableObject",
            "children": [
              {
                "kind": "TypeWitness",
                "name": "ObjectWillChangePublisher",
                "printedName": "ObjectWillChangePublisher",
                "children": [
                  {
                    "kind": "TypeNominal",
                    "name": "ObservableObjectPublisher",
                    "printedName": "Combine.ObservableObjectPublisher",
                    "usr": "s:7Combine25ObservableObjectPublisherC"
                  }
                ]
              }
            ],
            "usr": "s:7Combine16ObservableObjectP",
            "mangledName": "$s7Combine16ObservableObjectP"
          },
          {
            "kind": "Conformance",
            "name": "Step",
            "printedName": "Step",
            "usr": "s:18MobileWorkflowCore4StepP",
            "mangledName": "$s18MobileWorkflowCore4StepP"
          }
        ]
      },
      {
        "kind": "TypeDecl",
        "name": "WebViewStepViewController",
        "printedName": "WebViewStepViewController",
        "children": [
          {
            "kind": "Var",
            "name": "titleMode",
            "printedName": "titleMode",
            "children": [
              {
                "kind": "TypeNominal",
                "name": "StepViewControllerTitleMode",
                "printedName": "MobileWorkflowCore.StepViewControllerTitleMode",
                "usr": "s:18MobileWorkflowCore27StepViewControllerTitleModeO"
              }
            ],
            "declKind": "Var",
            "usr": "s:28SFSafariViewControllerPlugin03Webb4StepbC0C9titleMode18MobileWorkflowCore0fbc5TitleH0Ovp",
            "mangledName": "$s28SFSafariViewControllerPlugin03Webb4StepbC0C9titleMode18MobileWorkflowCore0fbc5TitleH0Ovp",
            "moduleName": "SFSafariViewControllerPlugin",
            "overriding": true,
            "declAttributes": [
              "Custom",
              "Override",
              "AccessControl"
            ],
            "accessors": [
              {
                "kind": "Accessor",
                "name": "Get",
                "printedName": "Get()",
                "children": [
                  {
                    "kind": "TypeNominal",
                    "name": "StepViewControllerTitleMode",
                    "printedName": "MobileWorkflowCore.StepViewControllerTitleMode",
                    "usr": "s:18MobileWorkflowCore27StepViewControllerTitleModeO"
                  }
                ],
                "declKind": "Accessor",
                "usr": "s:28SFSafariViewControllerPlugin03Webb4StepbC0C9titleMode18MobileWorkflowCore0fbc5TitleH0Ovg",
                "mangledName": "$s28SFSafariViewControllerPlugin03Webb4StepbC0C9titleMode18MobileWorkflowCore0fbc5TitleH0Ovg",
                "moduleName": "SFSafariViewControllerPlugin",
                "overriding": true,
                "accessorKind": "get"
              }
            ]
          },
          {
            "kind": "Function",
            "name": "viewDidLoad",
            "printedName": "viewDidLoad()",
            "children": [
              {
                "kind": "TypeNominal",
                "name": "Void",
                "printedName": "()"
              }
            ],
            "declKind": "Func",
            "usr": "c:@M@SFSafariViewControllerPlugin@objc(cs)WebViewStepViewController(im)viewDidLoad",
            "mangledName": "$s28SFSafariViewControllerPlugin03Webb4StepbC0C11viewDidLoadyyF",
            "moduleName": "SFSafariViewControllerPlugin",
            "overriding": true,
            "objc_name": "viewDidLoad",
            "declAttributes": [
              "Dynamic",
              "ObjC",
              "Custom",
              "Override",
              "AccessControl"
            ],
            "funcSelfKind": "NonMutating"
          },
          {
            "kind": "Constructor",
            "name": "init",
            "printedName": "init(step:nibName:bundle:)",
            "children": [
              {
                "kind": "TypeNominal",
                "name": "WebViewStepViewController",
                "printedName": "SFSafariViewControllerPlugin.WebViewStepViewController",
                "usr": "c:@M@SFSafariViewControllerPlugin@objc(cs)WebViewStepViewController"
              },
              {
                "kind": "TypeNominal",
                "name": "Step",
                "printedName": "MobileWorkflowCore.Step",
                "usr": "s:18MobileWorkflowCore4StepP"
              },
              {
                "kind": "TypeNominal",
                "name": "Optional",
                "printedName": "Swift.String?",
                "children": [
                  {
                    "kind": "TypeNominal",
                    "name": "String",
                    "printedName": "Swift.String",
                    "usr": "s:SS"
                  }
                ],
                "usr": "s:Sq"
              },
              {
                "kind": "TypeNominal",
                "name": "Optional",
                "printedName": "Foundation.Bundle?",
                "children": [
                  {
                    "kind": "TypeNominal",
                    "name": "Bundle",
                    "printedName": "Foundation.Bundle",
                    "usr": "c:objc(cs)NSBundle"
                  }
                ],
                "usr": "s:Sq"
              }
            ],
            "declKind": "Constructor",
            "usr": "s:28SFSafariViewControllerPlugin03Webb4StepbC0C4step7nibName6bundleAC18MobileWorkflowCore0F0_p_SSSgSo8NSBundleCSgtcfc",
            "mangledName": "$s28SFSafariViewControllerPlugin03Webb4StepbC0C4step7nibName6bundleAC18MobileWorkflowCore0F0_p_SSSgSo8NSBundleCSgtcfc",
            "moduleName": "SFSafariViewControllerPlugin",
            "overriding": true,
            "implicit": true,
            "declAttributes": [
              "Custom",
              "Override"
            ],
            "init_kind": "Designated"
          },
          {
            "kind": "Constructor",
            "name": "init",
            "printedName": "init(step:)",
            "children": [
              {
                "kind": "TypeNominal",
                "name": "WebViewStepViewController",
                "printedName": "SFSafariViewControllerPlugin.WebViewStepViewController",
                "usr": "c:@M@SFSafariViewControllerPlugin@objc(cs)WebViewStepViewController"
              },
              {
                "kind": "TypeNominal",
                "name": "Step",
                "printedName": "MobileWorkflowCore.Step",
                "usr": "s:18MobileWorkflowCore4StepP"
              }
            ],
            "declKind": "Constructor",
            "usr": "s:28SFSafariViewControllerPlugin03Webb4StepbC0C4stepAC18MobileWorkflowCore0F0_p_tcfc",
            "mangledName": "$s28SFSafariViewControllerPlugin03Webb4StepbC0C4stepAC18MobileWorkflowCore0F0_p_tcfc",
            "moduleName": "SFSafariViewControllerPlugin",
            "overriding": true,
            "implicit": true,
            "declAttributes": [
              "Custom",
              "Override"
            ],
            "init_kind": "Designated"
          },
          {
            "kind": "Constructor",
            "name": "init",
            "printedName": "init(coder:)",
            "children": [
              {
                "kind": "TypeNominal",
                "name": "Optional",
                "printedName": "SFSafariViewControllerPlugin.WebViewStepViewController?",
                "children": [
                  {
                    "kind": "TypeNominal",
                    "name": "WebViewStepViewController",
                    "printedName": "SFSafariViewControllerPlugin.WebViewStepViewController",
                    "usr": "c:@M@SFSafariViewControllerPlugin@objc(cs)WebViewStepViewController"
                  }
                ],
                "usr": "s:Sq"
              },
              {
                "kind": "TypeNominal",
                "name": "NSCoder",
                "printedName": "Foundation.NSCoder",
                "usr": "c:objc(cs)NSCoder"
              }
            ],
            "declKind": "Constructor",
            "usr": "c:@M@SFSafariViewControllerPlugin@objc(cs)WebViewStepViewController(im)initWithCoder:",
            "mangledName": "$s28SFSafariViewControllerPlugin03Webb4StepbC0C5coderACSgSo7NSCoderC_tcfc",
            "moduleName": "SFSafariViewControllerPlugin",
            "overriding": true,
            "implicit": true,
            "objc_name": "initWithCoder:",
            "declAttributes": [
              "Dynamic",
              "ObjC",
              "Custom",
              "Required"
            ],
            "init_kind": "Designated"
          }
        ],
        "declKind": "Class",
        "usr": "c:@M@SFSafariViewControllerPlugin@objc(cs)WebViewStepViewController",
        "mangledName": "$s28SFSafariViewControllerPlugin03Webb4StepbC0C",
        "moduleName": "SFSafariViewControllerPlugin",
        "declAttributes": [
          "Custom",
          "AccessControl",
          "ObjC"
        ],
        "superclassUsr": "c:@M@MobileWorkflowCore@objc(cs)MWStepViewController",
        "inheritsConvenienceInitializers": true,
        "superclassNames": [
          "MobileWorkflowCore.MWStepViewController",
          "UIKit.UIViewController",
          "UIKit.UIResponder",
          "ObjectiveC.NSObject"
        ],
        "conformances": [
          {
            "kind": "Conformance",
            "name": "StepViewController",
            "printedName": "StepViewController",
            "usr": "s:18MobileWorkflowCore18StepViewControllerP",
            "mangledName": "$s18MobileWorkflowCore18StepViewControllerP"
          },
          {
            "kind": "Conformance",
            "name": "Equatable",
            "printedName": "Equatable",
            "usr": "s:SQ",
            "mangledName": "$sSQ"
          },
          {
            "kind": "Conformance",
            "name": "Hashable",
            "printedName": "Hashable",
            "usr": "s:SH",
            "mangledName": "$sSH"
          },
          {
            "kind": "Conformance",
            "name": "CVarArg",
            "printedName": "CVarArg",
            "usr": "s:s7CVarArgP",
            "mangledName": "$ss7CVarArgP"
          },
          {
            "kind": "Conformance",
            "name": "_KeyValueCodingAndObservingPublishing",
            "printedName": "_KeyValueCodingAndObservingPublishing",
            "usr": "s:10Foundation37_KeyValueCodingAndObservingPublishingP",
            "mangledName": "$s10Foundation37_KeyValueCodingAndObservingPublishingP"
          },
          {
            "kind": "Conformance",
            "name": "_KeyValueCodingAndObserving",
            "printedName": "_KeyValueCodingAndObserving",
            "usr": "s:10Foundation27_KeyValueCodingAndObservingP",
            "mangledName": "$s10Foundation27_KeyValueCodingAndObservingP"
          },
          {
            "kind": "Conformance",
            "name": "CustomStringConvertible",
            "printedName": "CustomStringConvertible",
            "usr": "s:s23CustomStringConvertibleP",
            "mangledName": "$ss23CustomStringConvertibleP"
          },
          {
            "kind": "Conformance",
            "name": "CustomDebugStringConvertible",
            "printedName": "CustomDebugStringConvertible",
            "usr": "s:s28CustomDebugStringConvertibleP",
            "mangledName": "$ss28CustomDebugStringConvertibleP"
          }
        ]
      }
    ],
    "json_format_version": 8
  },
  "ConstValues": [
    {
      "filePath": "\/Users\/vagrant\/git\/project\/SFSafariViewControllerPlugin\/SFSafariViewControllerPlugin\/SFSafariViewControllerPluginStruct.swift",
      "kind": "StringLiteral",
      "offset": 387,
      "length": 44,
      "value": "\"io.app-rail.sfsafariviewcontroller.webview\""
    },
    {
      "filePath": "\/Users\/vagrant\/git\/project\/SFSafariViewControllerPlugin\/SFSafariViewControllerPlugin\/SFSafariViewControllerPluginStruct.swift",
      "kind": "StringLiteral",
      "offset": 387,
      "length": 44,
      "value": "\"io.app-rail.sfsafariviewcontroller.webview\""
    },
    {
      "filePath": "\/Users\/vagrant\/git\/project\/SFSafariViewControllerPlugin\/SFSafariViewControllerPlugin\/WebViewStep.swift",
      "kind": "StringLiteral",
      "offset": 221,
      "length": 11,
      "value": "\"SFSafariViewControllerPlugin.WebViewStep\""
    }
  ]
}