{
  "ABIRoot": {
    "kind": "Root",
    "name": "TopLevel",
    "printedName": "TopLevel",
    "children": [
      {
        "kind": "Import",
        "name": "Foundation",
        "printedName": "Foundation",
        "declKind": "Import",
        "moduleName": "MWAdvancedCameraPlugin",
        "declAttributes": [
          "RawDocComment"
        ]
      },
      {
        "kind": "Import",
        "name": "AVFoundation",
        "printedName": "AVFoundation",
        "declKind": "Import",
        "moduleName": "MWAdvancedCameraPlugin"
      },
      {
        "kind": "Import",
        "name": "Foundation",
        "printedName": "Foundation",
        "declKind": "Import",
        "moduleName": "MWAdvancedCameraPlugin",
        "declAttributes": [
          "RawDocComment"
        ]
      },
      {
        "kind": "Import",
        "name": "MobileWorkflowCore",
        "printedName": "MobileWorkflowCore",
        "declKind": "Import",
        "moduleName": "MWAdvancedCameraPlugin"
      },
      {
        "kind": "Import",
        "name": "Foundation",
        "printedName": "Foundation",
        "declKind": "Import",
        "moduleName": "MWAdvancedCameraPlugin",
        "declAttributes": [
          "RawDocComment"
        ]
      },
      {
        "kind": "Import",
        "name": "AVFoundation",
        "printedName": "AVFoundation",
        "declKind": "Import",
        "moduleName": "MWAdvancedCameraPlugin"
      },
      {
        "kind": "Import",
        "name": "MobileWorkflowCore",
        "printedName": "MobileWorkflowCore",
        "declKind": "Import",
        "moduleName": "MWAdvancedCameraPlugin"
      },
      {
        "kind": "Import",
        "name": "MWCameraPlugin",
        "printedName": "MWCameraPlugin",
        "declKind": "Import",
        "moduleName": "MWAdvancedCameraPlugin"
      },
      {
        "kind": "Import",
        "name": "UIKit",
        "printedName": "UIKit",
        "declKind": "Import",
        "moduleName": "MWAdvancedCameraPlugin"
      },
      {
        "kind": "Import",
        "name": "UIKit",
        "printedName": "UIKit",
        "declKind": "Import",
        "moduleName": "MWAdvancedCameraPlugin",
        "declAttributes": [
          "RawDocComment"
        ]
      },
      {
        "kind": "Import",
        "name": "MobileWorkflowCore",
        "printedName": "MobileWorkflowCore",
        "declKind": "Import",
        "moduleName": "MWAdvancedCameraPlugin"
      },
      {
        "kind": "Import",
        "name": "MWCameraPlugin",
        "printedName": "MWCameraPlugin",
        "declKind": "Import",
        "moduleName": "MWAdvancedCameraPlugin"
      },
      {
        "kind": "Import",
        "name": "AVKit",
        "printedName": "AVKit",
        "declKind": "Import",
        "moduleName": "MWAdvancedCameraPlugin"
      },
      {
        "kind": "Import",
        "name": "Foundation",
        "printedName": "Foundation",
        "declKind": "Import",
        "moduleName": "MWAdvancedCameraPlugin",
        "declAttributes": [
          "RawDocComment"
        ]
      },
      {
        "kind": "Import",
        "name": "Foundation",
        "printedName": "Foundation",
        "declKind": "Import",
        "moduleName": "MWAdvancedCameraPlugin",
        "declAttributes": [
          "RawDocComment"
        ]
      },
      {
        "kind": "Import",
        "name": "MobileWorkflowCore",
        "printedName": "MobileWorkflowCore",
        "declKind": "Import",
        "moduleName": "MWAdvancedCameraPlugin"
      },
      {
        "kind": "TypeDecl",
        "name": "MWAdvancedCameraPluginStruct",
        "printedName": "MWAdvancedCameraPluginStruct",
        "children": [
          {
            "kind": "Var",
            "name": "allStepsTypes",
            "printedName": "allStepsTypes",
            "children": [
              {
                "kind": "TypeNominal",
                "name": "Array",
                "printedName": "[MobileWorkflowCore.StepType]",
                "children": [
                  {
                    "kind": "TypeNominal",
                    "name": "StepType",
                    "printedName": "MobileWorkflowCore.StepType",
                    "usr": "s:18MobileWorkflowCore8StepTypeP"
                  }
                ],
                "usr": "s:Sa"
              }
            ],
            "declKind": "Var",
            "usr": "s:22MWAdvancedCameraPlugin0abC6StructV13allStepsTypesSay18MobileWorkflowCore8StepType_pGvpZ",
            "mangledName": "$s22MWAdvancedCameraPlugin0abC6StructV13allStepsTypesSay18MobileWorkflowCore8StepType_pGvpZ",
            "moduleName": "MWAdvancedCameraPlugin",
            "static": true,
            "declAttributes": [
              "AccessControl"
            ],
            "accessors": [
              {
                "kind": "Accessor",
                "name": "Get",
                "printedName": "Get()",
                "children": [
                  {
                    "kind": "TypeNominal",
                    "name": "Array",
                    "printedName": "[MobileWorkflowCore.StepType]",
                    "children": [
                      {
                        "kind": "TypeNominal",
                        "name": "StepType",
                        "printedName": "MobileWorkflowCore.StepType",
                        "usr": "s:18MobileWorkflowCore8StepTypeP"
                      }
                    ],
                    "usr": "s:Sa"
                  }
                ],
                "declKind": "Accessor",
                "usr": "s:22MWAdvancedCameraPlugin0abC6StructV13allStepsTypesSay18MobileWorkflowCore8StepType_pGvgZ",
                "mangledName": "$s22MWAdvancedCameraPlugin0abC6StructV13allStepsTypesSay18MobileWorkflowCore8StepType_pGvgZ",
                "moduleName": "MWAdvancedCameraPlugin",
                "static": true,
                "accessorKind": "get"
              }
            ]
          }
        ],
        "declKind": "Struct",
        "usr": "s:22MWAdvancedCameraPlugin0abC6StructV",
        "mangledName": "$s22MWAdvancedCameraPlugin0abC6StructV",
        "moduleName": "MWAdvancedCameraPlugin",
        "declAttributes": [
          "AccessControl"
        ],
        "conformances": [
          {
            "kind": "Conformance",
            "name": "Plugin",
            "printedName": "Plugin",
            "usr": "s:18MobileWorkflowCore6PluginP",
            "mangledName": "$s18MobileWorkflowCore6PluginP"
          }
        ]
      },
      {
        "kind": "Import",
        "name": "UIKit",
        "printedName": "UIKit",
        "declKind": "Import",
        "moduleName": "MWAdvancedCameraPlugin",
        "declAttributes": [
          "RawDocComment"
        ]
      },
      {
        "kind": "Import",
        "name": "MobileWorkflowCore",
        "printedName": "MobileWorkflowCore",
        "declKind": "Import",
        "moduleName": "MWAdvancedCameraPlugin"
      },
      {
        "kind": "TypeDecl",
        "name": "MWBarcodeStep",
        "printedName": "MWBarcodeStep",
        "children": [
          {
            "kind": "Function",
            "name": "instantiateViewController",
            "printedName": "instantiateViewController()",
            "children": [
              {
                "kind": "TypeNominal",
                "name": "StepViewController",
                "printedName": "MobileWorkflowCore.StepViewController",
                "usr": "s:18MobileWorkflowCore18StepViewControllerP"
              }
            ],
            "declKind": "Func",
            "usr": "s:22MWAdvancedCameraPlugin13MWBarcodeStepC25instantiateViewController18MobileWorkflowCore0egH0_pyF",
            "mangledName": "$s22MWAdvancedCameraPlugin13MWBarcodeStepC25instantiateViewController18MobileWorkflowCore0egH0_pyF",
            "moduleName": "MWAdvancedCameraPlugin",
            "overriding": true,
            "declAttributes": [
              "Override",
              "AccessControl"
            ],
            "funcSelfKind": "NonMutating"
          },
          {
            "kind": "Constructor",
            "name": "init",
            "printedName": "init(identifier:title:text:theme:links:navigationItems:)",
            "children": [
              {
                "kind": "TypeNominal",
                "name": "MWBarcodeStep",
                "printedName": "MWAdvancedCameraPlugin.MWBarcodeStep",
                "usr": "s:22MWAdvancedCameraPlugin13MWBarcodeStepC"
              },
              {
                "kind": "TypeNominal",
                "name": "String",
                "printedName": "Swift.String",
                "usr": "s:SS"
              },
              {
                "kind": "TypeNominal",
                "name": "Optional",
                "printedName": "Swift.String?",
                "children": [
                  {
                    "kind": "TypeNominal",
                    "name": "String",
                    "printedName": "Swift.String",
                    "usr": "s:SS"
                  }
                ],
                "hasDefaultArg": true,
                "usr": "s:Sq"
              },
              {
                "kind": "TypeNominal",
                "name": "Optional",
                "printedName": "Swift.String?",
                "children": [
                  {
                    "kind": "TypeNominal",
                    "name": "String",
                    "printedName": "Swift.String",
                    "usr": "s:SS"
                  }
                ],
                "hasDefaultArg": true,
                "usr": "s:Sq"
              },
              {
                "kind": "TypeNominal",
                "name": "Theme",
                "printedName": "MobileWorkflowCore.Theme",
                "hasDefaultArg": true,
                "usr": "s:18MobileWorkflowCore5ThemeV"
              },
              {
                "kind": "TypeNominal",
                "name": "Array",
                "printedName": "[MobileWorkflowCore.StepLink]",
                "children": [
                  {
                    "kind": "TypeNominal",
                    "name": "StepLink",
                    "printedName": "MobileWorkflowCore.StepLink",
                    "usr": "s:18MobileWorkflowCore8StepLinkV"
                  }
                ],
                "hasDefaultArg": true,
                "usr": "s:Sa"
              },
              {
                "kind": "TypeNominal",
                "name": "Array",
                "printedName": "[MobileWorkflowCore.StepNavigationItem]",
                "children": [
                  {
                    "kind": "TypeNominal",
                    "name": "StepNavigationItem",
                    "printedName": "MobileWorkflowCore.StepNavigationItem",
                    "usr": "s:18MobileWorkflowCore18StepNavigationItemV"
                  }
                ],
                "hasDefaultArg": true,
                "usr": "s:Sa"
              }
            ],
            "declKind": "Constructor",
            "usr": "s:22MWAdvancedCameraPlugin13MWBarcodeStepC10identifier5title4text5theme5links15navigationItemsACSS_SSSgAJ18MobileWorkflowCore5ThemeVSayAK0E4LinkVGSayAK0E14NavigationItemVGtcfc",
            "mangledName": "$s22MWAdvancedCameraPlugin13MWBarcodeStepC10identifier5title4text5theme5links15navigationItemsACSS_SSSgAJ18MobileWorkflowCore5ThemeVSayAK0E4LinkVGSayAK0E14NavigationItemVGtcfc",
            "moduleName": "MWAdvancedCameraPlugin",
            "overriding": true,
            "implicit": true,
            "declAttributes": [
              "Override"
            ],
            "init_kind": "Designated"
          },
          {
            "kind": "Var",
            "name": "mandatoryCodingPaths",
            "printedName": "mandatoryCodingPaths",
            "children": [
              {
                "kind": "TypeNominal",
                "name": "Array",
                "printedName": "[Swift.CodingKey]",
                "children": [
                  {
                    "kind": "TypeNominal",
                    "name": "CodingKey",
                    "printedName": "Swift.CodingKey",
                    "usr": "s:s9CodingKeyP"
                  }
                ],
                "usr": "s:Sa"
              }
            ],
            "declKind": "Var",
            "usr": "s:22MWAdvancedCameraPlugin13MWBarcodeStepC20mandatoryCodingPathsSays0G3Key_pGvpZ",
            "mangledName": "$s22MWAdvancedCameraPlugin13MWBarcodeStepC20mandatoryCodingPathsSays0G3Key_pGvpZ",
            "moduleName": "MWAdvancedCameraPlugin",
            "static": true,
            "declAttributes": [
              "Final",
              "AccessControl"
            ],
            "isFromExtension": true,
            "accessors": [
              {
                "kind": "Accessor",
                "name": "Get",
                "printedName": "Get()",
                "children": [
                  {
                    "kind": "TypeNominal",
                    "name": "Array",
                    "printedName": "[Swift.CodingKey]",
                    "children": [
                      {
                        "kind": "TypeNominal",
                        "name": "CodingKey",
                        "printedName": "Swift.CodingKey",
                        "usr": "s:s9CodingKeyP"
                      }
                    ],
                    "usr": "s:Sa"
                  }
                ],
                "declKind": "Accessor",
                "usr": "s:22MWAdvancedCameraPlugin13MWBarcodeStepC20mandatoryCodingPathsSays0G3Key_pGvgZ",
                "mangledName": "$s22MWAdvancedCameraPlugin13MWBarcodeStepC20mandatoryCodingPathsSays0G3Key_pGvgZ",
                "moduleName": "MWAdvancedCameraPlugin",
                "static": true,
                "declAttributes": [
                  "Final"
                ],
                "isFromExtension": true,
                "accessorKind": "get"
              }
            ]
          },
          {
            "kind": "Function",
            "name": "build",
            "printedName": "build(stepInfo:services:)",
            "children": [
              {
                "kind": "TypeNominal",
                "name": "Step",
                "printedName": "MobileWorkflowCore.Step",
                "usr": "s:18MobileWorkflowCore4StepP"
              },
              {
                "kind": "TypeNominal",
                "name": "StepInfo",
                "printedName": "MobileWorkflowCore.StepInfo",
                "usr": "s:18MobileWorkflowCore8StepInfoV"
              },
              {
                "kind": "TypeNominal",
                "name": "StepServices",
                "printedName": "MobileWorkflowCore.StepServices",
                "usr": "s:18MobileWorkflowCore12StepServicesC"
              }
            ],
            "declKind": "Func",
            "usr": "s:22MWAdvancedCameraPlugin13MWBarcodeStepC5build8stepInfo8services18MobileWorkflowCore0E0_pAG0eH0V_AG0E8ServicesCtKFZ",
            "mangledName": "$s22MWAdvancedCameraPlugin13MWBarcodeStepC5build8stepInfo8services18MobileWorkflowCore0E0_pAG0eH0V_AG0E8ServicesCtKFZ",
            "moduleName": "MWAdvancedCameraPlugin",
            "static": true,
            "declAttributes": [
              "Final",
              "AccessControl"
            ],
            "isFromExtension": true,
            "throwing": true,
            "funcSelfKind": "NonMutating"
          }
        ],
        "declKind": "Class",
        "usr": "s:22MWAdvancedCameraPlugin13MWBarcodeStepC",
        "mangledName": "$s22MWAdvancedCameraPlugin13MWBarcodeStepC",
        "moduleName": "MWAdvancedCameraPlugin",
        "declAttributes": [
          "AccessControl"
        ],
        "superclassUsr": "s:18MobileWorkflowCore6MWStepC",
        "hasMissingDesignatedInitializers": true,
        "superclassNames": [
          "MobileWorkflowCore.MWStep"
        ],
        "conformances": [
          {
            "kind": "Conformance",
            "name": "BuildableStep",
            "printedName": "BuildableStep",
            "usr": "s:18MobileWorkflowCore13BuildableStepP",
            "mangledName": "$s18MobileWorkflowCore13BuildableStepP"
          },
          {
            "kind": "Conformance",
            "name": "Step",
            "printedName": "Step",
            "usr": "s:18MobileWorkflowCore4StepP",
            "mangledName": "$s18MobileWorkflowCore4StepP"
          }
        ]
      },
      {
        "kind": "Import",
        "name": "Foundation",
        "printedName": "Foundation",
        "declKind": "Import",
        "moduleName": "MWAdvancedCameraPlugin",
        "declAttributes": [
          "RawDocComment"
        ]
      },
      {
        "kind": "Import",
        "name": "AVKit",
        "printedName": "AVKit",
        "declKind": "Import",
        "moduleName": "MWAdvancedCameraPlugin"
      },
      {
        "kind": "Import",
        "name": "MobileWorkflowCore",
        "printedName": "MobileWorkflowCore",
        "declKind": "Import",
        "moduleName": "MWAdvancedCameraPlugin"
      },
      {
        "kind": "TypeDecl",
        "name": "MWBarcodeStepViewController",
        "printedName": "MWBarcodeStepViewController",
        "children": [
          {
            "kind": "Var",
            "name": "titleMode",
            "printedName": "titleMode",
            "children": [
              {
                "kind": "TypeNominal",
                "name": "StepViewControllerTitleMode",
                "printedName": "MobileWorkflowCore.StepViewControllerTitleMode",
                "usr": "s:18MobileWorkflowCore27StepViewControllerTitleModeO"
              }
            ],
            "declKind": "Var",
            "usr": "s:22MWAdvancedCameraPlugin27MWBarcodeStepViewControllerC9titleMode18MobileWorkflowCore0efg5TitleI0Ovp",
            "mangledName": "$s22MWAdvancedCameraPlugin27MWBarcodeStepViewControllerC9titleMode18MobileWorkflowCore0efg5TitleI0Ovp",
            "moduleName": "MWAdvancedCameraPlugin",
            "overriding": true,
            "declAttributes": [
              "Custom",
              "Override",
              "AccessControl"
            ],
            "accessors": [
              {
                "kind": "Accessor",
                "name": "Get",
                "printedName": "Get()",
                "children": [
                  {
                    "kind": "TypeNominal",
                    "name": "StepViewControllerTitleMode",
                    "printedName": "MobileWorkflowCore.StepViewControllerTitleMode",
                    "usr": "s:18MobileWorkflowCore27StepViewControllerTitleModeO"
                  }
                ],
                "declKind": "Accessor",
                "usr": "s:22MWAdvancedCameraPlugin27MWBarcodeStepViewControllerC9titleMode18MobileWorkflowCore0efg5TitleI0Ovg",
                "mangledName": "$s22MWAdvancedCameraPlugin27MWBarcodeStepViewControllerC9titleMode18MobileWorkflowCore0efg5TitleI0Ovg",
                "moduleName": "MWAdvancedCameraPlugin",
                "overriding": true,
                "accessorKind": "get"
              }
            ]
          },
          {
            "kind": "Function",
            "name": "viewDidLoad",
            "printedName": "viewDidLoad()",
            "children": [
              {
                "kind": "TypeNominal",
                "name": "Void",
                "printedName": "()"
              }
            ],
            "declKind": "Func",
            "usr": "c:@M@MWAdvancedCameraPlugin@objc(cs)MWBarcodeStepViewController(im)viewDidLoad",
            "mangledName": "$s22MWAdvancedCameraPlugin27MWBarcodeStepViewControllerC11viewDidLoadyyF",
            "moduleName": "MWAdvancedCameraPlugin",
            "overriding": true,
            "objc_name": "viewDidLoad",
            "declAttributes": [
              "Dynamic",
              "ObjC",
              "Custom",
              "Override",
              "AccessControl"
            ],
            "funcSelfKind": "NonMutating"
          },
          {
            "kind": "Constructor",
            "name": "init",
            "printedName": "init(step:nibName:bundle:)",
            "children": [
              {
                "kind": "TypeNominal",
                "name": "MWBarcodeStepViewController",
                "printedName": "MWAdvancedCameraPlugin.MWBarcodeStepViewController",
                "usr": "c:@M@MWAdvancedCameraPlugin@objc(cs)MWBarcodeStepViewController"
              },
              {
                "kind": "TypeNominal",
                "name": "Step",
                "printedName": "MobileWorkflowCore.Step",
                "usr": "s:18MobileWorkflowCore4StepP"
              },
              {
                "kind": "TypeNominal",
                "name": "Optional",
                "printedName": "Swift.String?",
                "children": [
                  {
                    "kind": "TypeNominal",
                    "name": "String",
                    "printedName": "Swift.String",
                    "usr": "s:SS"
                  }
                ],
                "usr": "s:Sq"
              },
              {
                "kind": "TypeNominal",
                "name": "Optional",
                "printedName": "Foundation.Bundle?",
                "children": [
                  {
                    "kind": "TypeNominal",
                    "name": "Bundle",
                    "printedName": "Foundation.Bundle",
                    "usr": "c:objc(cs)NSBundle"
                  }
                ],
                "usr": "s:Sq"
              }
            ],
            "declKind": "Constructor",
            "usr": "s:22MWAdvancedCameraPlugin27MWBarcodeStepViewControllerC4step7nibName6bundleAC18MobileWorkflowCore0E0_p_SSSgSo8NSBundleCSgtcfc",
            "mangledName": "$s22MWAdvancedCameraPlugin27MWBarcodeStepViewControllerC4step7nibName6bundleAC18MobileWorkflowCore0E0_p_SSSgSo8NSBundleCSgtcfc",
            "moduleName": "MWAdvancedCameraPlugin",
            "overriding": true,
            "implicit": true,
            "declAttributes": [
              "Custom",
              "Override"
            ],
            "init_kind": "Designated"
          },
          {
            "kind": "Constructor",
            "name": "init",
            "printedName": "init(step:)",
            "children": [
              {
                "kind": "TypeNominal",
                "name": "MWBarcodeStepViewController",
                "printedName": "MWAdvancedCameraPlugin.MWBarcodeStepViewController",
                "usr": "c:@M@MWAdvancedCameraPlugin@objc(cs)MWBarcodeStepViewController"
              },
              {
                "kind": "TypeNominal",
                "name": "Step",
                "printedName": "MobileWorkflowCore.Step",
                "usr": "s:18MobileWorkflowCore4StepP"
              }
            ],
            "declKind": "Constructor",
            "usr": "s:22MWAdvancedCameraPlugin27MWBarcodeStepViewControllerC4stepAC18MobileWorkflowCore0E0_p_tcfc",
            "mangledName": "$s22MWAdvancedCameraPlugin27MWBarcodeStepViewControllerC4stepAC18MobileWorkflowCore0E0_p_tcfc",
            "moduleName": "MWAdvancedCameraPlugin",
            "overriding": true,
            "implicit": true,
            "declAttributes": [
              "Custom",
              "Override"
            ],
            "init_kind": "Designated"
          },
          {
            "kind": "Constructor",
            "name": "init",
            "printedName": "init(coder:)",
            "children": [
              {
                "kind": "TypeNominal",
                "name": "Optional",
                "printedName": "MWAdvancedCameraPlugin.MWBarcodeStepViewController?",
                "children": [
                  {
                    "kind": "TypeNominal",
                    "name": "MWBarcodeStepViewController",
                    "printedName": "MWAdvancedCameraPlugin.MWBarcodeStepViewController",
                    "usr": "c:@M@MWAdvancedCameraPlugin@objc(cs)MWBarcodeStepViewController"
                  }
                ],
                "usr": "s:Sq"
              },
              {
                "kind": "TypeNominal",
                "name": "NSCoder",
                "printedName": "Foundation.NSCoder",
                "usr": "c:objc(cs)NSCoder"
              }
            ],
            "declKind": "Constructor",
            "usr": "c:@M@MWAdvancedCameraPlugin@objc(cs)MWBarcodeStepViewController(im)initWithCoder:",
            "mangledName": "$s22MWAdvancedCameraPlugin27MWBarcodeStepViewControllerC5coderACSgSo7NSCoderC_tcfc",
            "moduleName": "MWAdvancedCameraPlugin",
            "overriding": true,
            "implicit": true,
            "objc_name": "initWithCoder:",
            "declAttributes": [
              "Dynamic",
              "ObjC",
              "Custom",
              "Required"
            ],
            "init_kind": "Designated"
          }
        ],
        "declKind": "Class",
        "usr": "c:@M@MWAdvancedCameraPlugin@objc(cs)MWBarcodeStepViewController",
        "mangledName": "$s22MWAdvancedCameraPlugin27MWBarcodeStepViewControllerC",
        "moduleName": "MWAdvancedCameraPlugin",
        "declAttributes": [
          "Custom",
          "AccessControl",
          "ObjC"
        ],
        "superclassUsr": "c:@M@MobileWorkflowCore@objc(cs)MWStepViewController",
        "inheritsConvenienceInitializers": true,
        "superclassNames": [
          "MobileWorkflowCore.MWStepViewController",
          "UIKit.UIViewController",
          "UIKit.UIResponder",
          "ObjectiveC.NSObject"
        ],
        "conformances": [
          {
            "kind": "Conformance",
            "name": "StepViewController",
            "printedName": "StepViewController",
            "usr": "s:18MobileWorkflowCore18StepViewControllerP",
            "mangledName": "$s18MobileWorkflowCore18StepViewControllerP"
          },
          {
            "kind": "Conformance",
            "name": "Equatable",
            "printedName": "Equatable",
            "usr": "s:SQ",
            "mangledName": "$sSQ"
          },
          {
            "kind": "Conformance",
            "name": "Hashable",
            "printedName": "Hashable",
            "usr": "s:SH",
            "mangledName": "$sSH"
          },
          {
            "kind": "Conformance",
            "name": "CVarArg",
            "printedName": "CVarArg",
            "usr": "s:s7CVarArgP",
            "mangledName": "$ss7CVarArgP"
          },
          {
            "kind": "Conformance",
            "name": "_KeyValueCodingAndObservingPublishing",
            "printedName": "_KeyValueCodingAndObservingPublishing",
            "usr": "s:10Foundation37_KeyValueCodingAndObservingPublishingP",
            "mangledName": "$s10Foundation37_KeyValueCodingAndObservingPublishingP"
          },
          {
            "kind": "Conformance",
            "name": "_KeyValueCodingAndObserving",
            "printedName": "_KeyValueCodingAndObserving",
            "usr": "s:10Foundation27_KeyValueCodingAndObservingP",
            "mangledName": "$s10Foundation27_KeyValueCodingAndObservingP"
          },
          {
            "kind": "Conformance",
            "name": "CustomStringConvertible",
            "printedName": "CustomStringConvertible",
            "usr": "s:s23CustomStringConvertibleP",
            "mangledName": "$ss23CustomStringConvertibleP"
          },
          {
            "kind": "Conformance",
            "name": "CustomDebugStringConvertible",
            "printedName": "CustomDebugStringConvertible",
            "usr": "s:s28CustomDebugStringConvertibleP",
            "mangledName": "$ss28CustomDebugStringConvertibleP"
          }
        ]
      }
    ],
    "json_format_version": 8
  },
  "ConstValues": [
    {
      "filePath": "\/Users\/vagrant\/git\/project\/MWAdvancedCameraPlugin\/MWAdvancedCameraPlugin\/MWAdvancedCamera\/FullScreenVideoCaptureStep\/FullScreenVideoCaptureStep.swift",
      "kind": "StringLiteral",
      "offset": 218,
      "length": 26,
      "value": "\"MWAdvancedCameraPlugin.FullScreenVideoCaptureStep\""
    },
    {
      "filePath": "\/Users\/vagrant\/git\/project\/MWAdvancedCameraPlugin\/MWAdvancedCameraPlugin\/MWAdvancedCamera\/FullScreenVideoCaptureStep\/FullScreenVideoCaptureStepViewController.swift",
      "kind": "BooleanLiteral",
      "offset": 507,
      "length": 5,
      "value": "false"
    },
    {
      "filePath": "\/Users\/vagrant\/git\/project\/MWAdvancedCameraPlugin\/MWAdvancedCameraPlugin\/MWAdvancedCamera\/FullScreenVideoCaptureStep\/FullScreenVideoCaptureStepViewController.swift",
      "kind": "BooleanLiteral",
      "offset": 617,
      "length": 4,
      "value": "true"
    },
    {
      "filePath": "\/Users\/vagrant\/git\/project\/MWAdvancedCameraPlugin\/MWAdvancedCameraPlugin\/MWAdvancedCamera\/FullScreenVideoCaptureStep\/FullScreenVideoCaptureStepViewController.swift",
      "kind": "StringLiteral",
      "offset": 175,
      "length": 40,
      "value": "\"MWAdvancedCameraPlugin.FullScreenVideoCaptureStepViewController\""
    },
    {
      "filePath": "\/Users\/vagrant\/git\/project\/MWAdvancedCameraPlugin\/MWAdvancedCameraPlugin\/MWAdvancedCamera\/Resources\/L10n.swift",
      "kind": "StringLiteral",
      "offset": 164,
      "length": 13,
      "value": "\"Localizable\""
    },
    {
      "filePath": "\/Users\/vagrant\/git\/project\/MWAdvancedCameraPlugin\/MWAdvancedCameraPlugin\/MWAdvancedCamera\/Resources\/L10n.swift",
      "kind": "StringLiteral",
      "offset": 533,
      "length": 19,
      "value": "\"alert.error.title\""
    },
    {
      "filePath": "\/Users\/vagrant\/git\/project\/MWAdvancedCameraPlugin\/MWAdvancedCameraPlugin\/MWAdvancedCamera\/Resources\/L10n.swift",
      "kind": "StringLiteral",
      "offset": 614,
      "length": 21,
      "value": "\"alert.error.message\""
    },
    {
      "filePath": "\/Users\/vagrant\/git\/project\/MWAdvancedCameraPlugin\/MWAdvancedCameraPlugin\/MWAdvancedCamera\/Resources\/L10n.swift",
      "kind": "StringLiteral",
      "offset": 697,
      "length": 15,
      "value": "\"barcode.label\""
    },
    {
      "filePath": "\/Users\/vagrant\/git\/project\/MWAdvancedCameraPlugin\/MWAdvancedCameraPlugin\/MWAdvancedCamera\/Resources\/L10n.swift",
      "kind": "StringLiteral",
      "offset": 815,
      "length": 33,
      "value": "\"videoCaptureStep.startRecording\""
    },
    {
      "filePath": "\/Users\/vagrant\/git\/project\/MWAdvancedCameraPlugin\/MWAdvancedCameraPlugin\/MWAdvancedCamera\/Resources\/L10n.swift",
      "kind": "StringLiteral",
      "offset": 911,
      "length": 32,
      "value": "\"videoCaptureStep.stopRecording\""
    },
    {
      "filePath": "\/Users\/vagrant\/git\/project\/MWAdvancedCameraPlugin\/MWAdvancedCameraPlugin\/MWAdvancedCamera\/Resources\/L10n.swift",
      "kind": "StringLiteral",
      "offset": 1004,
      "length": 30,
      "value": "\"videoCaptureStep.retakeVideo\""
    },
    {
      "filePath": "\/Users\/vagrant\/git\/project\/MWAdvancedCameraPlugin\/MWAdvancedCameraPlugin\/MWAdvancedCamera\/Resources\/L10n.swift",
      "kind": "StringLiteral",
      "offset": 1108,
      "length": 43,
      "value": "\"videoCaptureStep.captureErrorNoPermission\""
    },
    {
      "filePath": "\/Users\/vagrant\/git\/project\/MWAdvancedCameraPlugin\/MWAdvancedCameraPlugin\/MWAdvancedCamera\/Resources\/L10n.swift",
      "kind": "StringLiteral",
      "offset": 1227,
      "length": 45,
      "value": "\"videoCaptureStep.captureErrorCameraNotFound\""
    },
    {
      "filePath": "\/Users\/vagrant\/git\/project\/MWAdvancedCameraPlugin\/MWAdvancedCameraPlugin\/MWAdvancedCamera\/Resources\/L10n.swift",
      "kind": "StringLiteral",
      "offset": 1347,
      "length": 44,
      "value": "\"videoCaptureStep.captureErrorNoPermissions\""
    },
    {
      "filePath": "\/Users\/vagrant\/git\/project\/MWAdvancedCameraPlugin\/MWAdvancedCameraPlugin\/MWAdvancedCamera\/Resources\/L10n.swift",
      "kind": "StringLiteral",
      "offset": 1458,
      "length": 36,
      "value": "\"videoCaptureStep.cameraUnavailable\""
    },
    {
      "filePath": "\/Users\/vagrant\/git\/project\/MWAdvancedCameraPlugin\/MWAdvancedCameraPlugin\/MWAdvancedCamera\/Resources\/L10n.swift",
      "kind": "StringLiteral",
      "offset": 1556,
      "length": 31,
      "value": "\"videoCaptureStep.rotateDevice\""
    },
    {
      "filePath": "\/Users\/vagrant\/git\/project\/MWAdvancedCameraPlugin\/MWAdvancedCameraPlugin\/MWAdvancedCamera\/Resources\/L10n.swift",
      "kind": "StringLiteral",
      "offset": 1647,
      "length": 29,
      "value": "\"videoCaptureStep.openCamera\""
    },
    {
      "filePath": "\/Users\/vagrant\/git\/project\/MWAdvancedCameraPlugin\/MWAdvancedCameraPlugin\/MWAdvancedCamera\/Resources\/L10n.swift",
      "kind": "StringLiteral",
      "offset": 1746,
      "length": 30,
      "value": "\"videoCaptureStep.cancelTitle\""
    },
    {
      "filePath": "\/Users\/vagrant\/git\/project\/MWAdvancedCameraPlugin\/MWAdvancedCameraPlugin\/MWAdvancedCamera\/Resources\/L10n.swift",
      "kind": "StringLiteral",
      "offset": 1841,
      "length": 34,
      "value": "\"videoCaptureStep.nextButtonTitle\""
    },
    {
      "filePath": "\/Users\/vagrant\/git\/project\/MWAdvancedCameraPlugin\/MWAdvancedCameraPlugin\/MWAdvancedCamera\/Resources\/L10n.swift",
      "kind": "StringLiteral",
      "offset": 1940,
      "length": 34,
      "value": "\"videoCaptureStep.skipButtonTitle\""
    },
    {
      "filePath": "\/Users\/vagrant\/git\/project\/MWAdvancedCameraPlugin\/MWAdvancedCameraPlugin\/MWAdvancedCameraPluginStruct.swift",
      "kind": "StringLiteral",
      "offset": 362,
      "length": 54,
      "value": "\"io.app-rail.advancedcamera.full-screen-video-capture\""
    },
    {
      "filePath": "\/Users\/vagrant\/git\/project\/MWAdvancedCameraPlugin\/MWAdvancedCameraPlugin\/MWAdvancedCameraPluginStruct.swift",
      "kind": "StringLiteral",
      "offset": 436,
      "length": 44,
      "value": "\"io.app-rail.advancedcamera.barcode-scanner\""
    },
    {
      "filePath": "\/Users\/vagrant\/git\/project\/MWAdvancedCameraPlugin\/MWAdvancedCameraPlugin\/MWAdvancedCameraPluginStruct.swift",
      "kind": "StringLiteral",
      "offset": 362,
      "length": 54,
      "value": "\"io.app-rail.advancedcamera.full-screen-video-capture\""
    },
    {
      "filePath": "\/Users\/vagrant\/git\/project\/MWAdvancedCameraPlugin\/MWAdvancedCameraPlugin\/MWAdvancedCameraPluginStruct.swift",
      "kind": "StringLiteral",
      "offset": 436,
      "length": 44,
      "value": "\"io.app-rail.advancedcamera.barcode-scanner\""
    },
    {
      "filePath": "\/Users\/vagrant\/git\/project\/MWAdvancedCameraPlugin\/MWAdvancedCameraPlugin\/MWAdvancedCamera\/BarcodeStep\/MWBarcodeStep.swift",
      "kind": "StringLiteral",
      "offset": 143,
      "length": 13,
      "value": "\"MWAdvancedCameraPlugin.MWBarcodeStep\""
    },
    {
      "filePath": "\/Users\/vagrant\/git\/project\/MWAdvancedCameraPlugin\/MWAdvancedCameraPlugin\/MWAdvancedCamera\/BarcodeStep\/MWBarcodeStepViewController.swift",
      "kind": "StringLiteral",
      "offset": 911,
      "length": 28,
      "value": "\"MWAdvancedCameraPlugin._MWBarcodeStepViewController\""
    }
  ]
}