{
  "ABIRoot": {
    "kind": "Root",
    "name": "TopLevel",
    "printedName": "TopLevel",
    "children": [
      {
        "kind": "Import",
        "name": "Foundation",
        "printedName": "Foundation",
        "declKind": "Import",
        "moduleName": "MWPencilKitPlugin",
        "declAttributes": [
          "RawDocComment"
        ]
      },
      {
        "kind": "Import",
        "name": "MobileWorkflowCore",
        "printedName": "MobileWorkflowCore",
        "declKind": "Import",
        "moduleName": "MWPencilKitPlugin"
      },
      {
        "kind": "TypeDecl",
        "name": "MWPencilKitPluginStruct",
        "printedName": "MWPencilKitPluginStruct",
        "children": [
          {
            "kind": "Var",
            "name": "allStepsTypes",
            "printedName": "allStepsTypes",
            "children": [
              {
                "kind": "TypeNominal",
                "name": "Array",
                "printedName": "[MobileWorkflowCore.StepType]",
                "children": [
                  {
                    "kind": "TypeNominal",
                    "name": "StepType",
                    "printedName": "MobileWorkflowCore.StepType",
                    "usr": "s:18MobileWorkflowCore8StepTypeP"
                  }
                ],
                "usr": "s:Sa"
              }
            ],
            "declKind": "Var",
            "usr": "s:17MWPencilKitPlugin0abC6StructV13allStepsTypesSay18MobileWorkflowCore8StepType_pGvpZ",
            "mangledName": "$s17MWPencilKitPlugin0abC6StructV13allStepsTypesSay18MobileWorkflowCore8StepType_pGvpZ",
            "moduleName": "MWPencilKitPlugin",
            "static": true,
            "declAttributes": [
              "AccessControl"
            ],
            "accessors": [
              {
                "kind": "Accessor",
                "name": "Get",
                "printedName": "Get()",
                "children": [
                  {
                    "kind": "TypeNominal",
                    "name": "Array",
                    "printedName": "[MobileWorkflowCore.StepType]",
                    "children": [
                      {
                        "kind": "TypeNominal",
                        "name": "StepType",
                        "printedName": "MobileWorkflowCore.StepType",
                        "usr": "s:18MobileWorkflowCore8StepTypeP"
                      }
                    ],
                    "usr": "s:Sa"
                  }
                ],
                "declKind": "Accessor",
                "usr": "s:17MWPencilKitPlugin0abC6StructV13allStepsTypesSay18MobileWorkflowCore8StepType_pGvgZ",
                "mangledName": "$s17MWPencilKitPlugin0abC6StructV13allStepsTypesSay18MobileWorkflowCore8StepType_pGvgZ",
                "moduleName": "MWPencilKitPlugin",
                "static": true,
                "accessorKind": "get"
              }
            ]
          }
        ],
        "declKind": "Struct",
        "usr": "s:17MWPencilKitPlugin0abC6StructV",
        "mangledName": "$s17MWPencilKitPlugin0abC6StructV",
        "moduleName": "MWPencilKitPlugin",
        "declAttributes": [
          "AccessControl"
        ],
        "conformances": [
          {
            "kind": "Conformance",
            "name": "Plugin",
            "printedName": "Plugin",
            "usr": "s:18MobileWorkflowCore6PluginP",
            "mangledName": "$s18MobileWorkflowCore6PluginP"
          }
        ]
      },
      {
        "kind": "Import",
        "name": "Foundation",
        "printedName": "Foundation",
        "declKind": "Import",
        "moduleName": "MWPencilKitPlugin",
        "declAttributes": [
          "RawDocComment"
        ]
      },
      {
        "kind": "Import",
        "name": "MobileWorkflowCore",
        "printedName": "MobileWorkflowCore",
        "declKind": "Import",
        "moduleName": "MWPencilKitPlugin"
      },
      {
        "kind": "Import",
        "name": "PencilKit",
        "printedName": "PencilKit",
        "declKind": "Import",
        "moduleName": "MWPencilKitPlugin"
      },
      {
        "kind": "TypeDecl",
        "name": "ImageAnnotationResult",
        "printedName": "ImageAnnotationResult",
        "children": [
          {
            "kind": "Var",
            "name": "annotation",
            "printedName": "annotation",
            "children": [
              {
                "kind": "TypeNominal",
                "name": "PKDrawing",
                "printedName": "PencilKit.PKDrawing",
                "usr": "s:9PencilKit9PKDrawingV"
              }
            ],
            "declKind": "Var",
            "usr": "s:17MWPencilKitPlugin21ImageAnnotationResultC10annotation06PencilB09PKDrawingVvp",
            "mangledName": "$s17MWPencilKitPlugin21ImageAnnotationResultC10annotation06PencilB09PKDrawingVvp",
            "moduleName": "MWPencilKitPlugin",
            "declAttributes": [
              "Final",
              "HasStorage",
              "AccessControl"
            ],
            "isLet": true,
            "hasStorage": true,
            "accessors": [
              {
                "kind": "Accessor",
                "name": "Get",
                "printedName": "Get()",
                "children": [
                  {
                    "kind": "TypeNominal",
                    "name": "PKDrawing",
                    "printedName": "PencilKit.PKDrawing",
                    "usr": "s:9PencilKit9PKDrawingV"
                  }
                ],
                "declKind": "Accessor",
                "usr": "s:17MWPencilKitPlugin21ImageAnnotationResultC10annotation06PencilB09PKDrawingVvg",
                "mangledName": "$s17MWPencilKitPlugin21ImageAnnotationResultC10annotation06PencilB09PKDrawingVvg",
                "moduleName": "MWPencilKitPlugin",
                "implicit": true,
                "declAttributes": [
                  "Final"
                ],
                "accessorKind": "get"
              }
            ]
          },
          {
            "kind": "Var",
            "name": "fileURL",
            "printedName": "fileURL",
            "children": [
              {
                "kind": "TypeNominal",
                "name": "URL",
                "printedName": "Foundation.URL",
                "usr": "s:10Foundation3URLV"
              }
            ],
            "declKind": "Var",
            "usr": "s:17MWPencilKitPlugin21ImageAnnotationResultC7fileURL10Foundation0H0Vvp",
            "mangledName": "$s17MWPencilKitPlugin21ImageAnnotationResultC7fileURL10Foundation0H0Vvp",
            "moduleName": "MWPencilKitPlugin",
            "declAttributes": [
              "Final",
              "HasStorage",
              "AccessControl"
            ],
            "isLet": true,
            "hasStorage": true,
            "accessors": [
              {
                "kind": "Accessor",
                "name": "Get",
                "printedName": "Get()",
                "children": [
                  {
                    "kind": "TypeNominal",
                    "name": "URL",
                    "printedName": "Foundation.URL",
                    "usr": "s:10Foundation3URLV"
                  }
                ],
                "declKind": "Accessor",
                "usr": "s:17MWPencilKitPlugin21ImageAnnotationResultC7fileURL10Foundation0H0Vvg",
                "mangledName": "$s17MWPencilKitPlugin21ImageAnnotationResultC7fileURL10Foundation0H0Vvg",
                "moduleName": "MWPencilKitPlugin",
                "implicit": true,
                "declAttributes": [
                  "Final"
                ],
                "accessorKind": "get"
              }
            ]
          },
          {
            "kind": "Constructor",
            "name": "init",
            "printedName": "init(identifier:annotation:compositeImage:fileManager:)",
            "children": [
              {
                "kind": "TypeNominal",
                "name": "ImageAnnotationResult",
                "printedName": "MWPencilKitPlugin.ImageAnnotationResult",
                "usr": "s:17MWPencilKitPlugin21ImageAnnotationResultC"
              },
              {
                "kind": "TypeNominal",
                "name": "String",
                "printedName": "Swift.String",
                "usr": "s:SS"
              },
              {
                "kind": "TypeNominal",
                "name": "PKDrawing",
                "printedName": "PencilKit.PKDrawing",
                "usr": "s:9PencilKit9PKDrawingV"
              },
              {
                "kind": "TypeNominal",
                "name": "UIImage",
                "printedName": "UIKit.UIImage",
                "usr": "c:objc(cs)UIImage"
              },
              {
                "kind": "TypeNominal",
                "name": "FileManager",
                "printedName": "Foundation.FileManager",
                "hasDefaultArg": true,
                "usr": "c:objc(cs)NSFileManager"
              }
            ],
            "declKind": "Constructor",
            "usr": "s:17MWPencilKitPlugin21ImageAnnotationResultC10identifier10annotation09compositeD011fileManagerACSS_06PencilB09PKDrawingVSo7UIImageCSo06NSFileK0Ctcfc",
            "mangledName": "$s17MWPencilKitPlugin21ImageAnnotationResultC10identifier10annotation09compositeD011fileManagerACSS_06PencilB09PKDrawingVSo7UIImageCSo06NSFileK0Ctcfc",
            "moduleName": "MWPencilKitPlugin",
            "declAttributes": [
              "AccessControl"
            ],
            "init_kind": "Designated"
          },
          {
            "kind": "Constructor",
            "name": "init",
            "printedName": "init(identifier:fileIdentifier:fileURL:contentType:)",
            "children": [
              {
                "kind": "TypeNominal",
                "name": "ImageAnnotationResult",
                "printedName": "MWPencilKitPlugin.ImageAnnotationResult",
                "usr": "s:17MWPencilKitPlugin21ImageAnnotationResultC"
              },
              {
                "kind": "TypeNominal",
                "name": "String",
                "printedName": "Swift.String",
                "usr": "s:SS"
              },
              {
                "kind": "TypeNominal",
                "name": "String",
                "printedName": "Swift.String",
                "usr": "s:SS"
              },
              {
                "kind": "TypeNominal",
                "name": "URL",
                "printedName": "Foundation.URL",
                "usr": "s:10Foundation3URLV"
              },
              {
                "kind": "TypeNominal",
                "name": "String",
                "printedName": "Swift.String",
                "usr": "s:SS"
              }
            ],
            "declKind": "Constructor",
            "usr": "s:17MWPencilKitPlugin21ImageAnnotationResultC10identifier14fileIdentifier0H3URL11contentTypeACSS_SS10Foundation0J0VSStcfc",
            "mangledName": "$s17MWPencilKitPlugin21ImageAnnotationResultC10identifier14fileIdentifier0H3URL11contentTypeACSS_SS10Foundation0J0VSStcfc",
            "moduleName": "MWPencilKitPlugin",
            "overriding": true,
            "implicit": true,
            "declAttributes": [
              "Override"
            ],
            "init_kind": "Designated"
          },
          {
            "kind": "Constructor",
            "name": "init",
            "printedName": "init(identifier:fileInformation:)",
            "children": [
              {
                "kind": "TypeNominal",
                "name": "ImageAnnotationResult",
                "printedName": "MWPencilKitPlugin.ImageAnnotationResult",
                "usr": "s:17MWPencilKitPlugin21ImageAnnotationResultC"
              },
              {
                "kind": "TypeNominal",
                "name": "String",
                "printedName": "Swift.String",
                "usr": "s:SS"
              },
              {
                "kind": "TypeNominal",
                "name": "FileInformation",
                "printedName": "MobileWorkflowCore.FileInformation",
                "usr": "s:18MobileWorkflowCore15FileInformationV"
              }
            ],
            "declKind": "Constructor",
            "usr": "s:17MWPencilKitPlugin21ImageAnnotationResultC10identifier15fileInformationACSS_18MobileWorkflowCore04FileI0Vtcfc",
            "mangledName": "$s17MWPencilKitPlugin21ImageAnnotationResultC10identifier15fileInformationACSS_18MobileWorkflowCore04FileI0Vtcfc",
            "moduleName": "MWPencilKitPlugin",
            "overriding": true,
            "implicit": true,
            "declAttributes": [
              "Override"
            ],
            "init_kind": "Designated"
          }
        ],
        "declKind": "Class",
        "usr": "s:17MWPencilKitPlugin21ImageAnnotationResultC",
        "mangledName": "$s17MWPencilKitPlugin21ImageAnnotationResultC",
        "moduleName": "MWPencilKitPlugin",
        "declAttributes": [
          "AccessControl"
        ],
        "superclassUsr": "s:18MobileWorkflowCore10FileResultC",
        "superclassNames": [
          "MobileWorkflowCore.FileResult"
        ],
        "conformances": [
          {
            "kind": "Conformance",
            "name": "StepResult",
            "printedName": "StepResult",
            "usr": "s:18MobileWorkflowCore10StepResultP",
            "mangledName": "$s18MobileWorkflowCore10StepResultP"
          },
          {
            "kind": "Conformance",
            "name": "SessionProvider",
            "printedName": "SessionProvider",
            "usr": "s:18MobileWorkflowCore15SessionProviderP",
            "mangledName": "$s18MobileWorkflowCore15SessionProviderP"
          },
          {
            "kind": "Conformance",
            "name": "BinaryProvider",
            "printedName": "BinaryProvider",
            "usr": "s:18MobileWorkflowCore14BinaryProviderP",
            "mangledName": "$s18MobileWorkflowCore14BinaryProviderP"
          }
        ]
      },
      {
        "kind": "Import",
        "name": "Foundation",
        "printedName": "Foundation",
        "declKind": "Import",
        "moduleName": "MWPencilKitPlugin",
        "declAttributes": [
          "RawDocComment"
        ]
      },
      {
        "kind": "Import",
        "name": "MobileWorkflowCore",
        "printedName": "MobileWorkflowCore",
        "declKind": "Import",
        "moduleName": "MWPencilKitPlugin"
      },
      {
        "kind": "TypeDecl",
        "name": "ImageAnnotationStep",
        "printedName": "ImageAnnotationStep",
        "children": [
          {
            "kind": "Function",
            "name": "instantiateViewController",
            "printedName": "instantiateViewController()",
            "children": [
              {
                "kind": "TypeNominal",
                "name": "StepViewController",
                "printedName": "MobileWorkflowCore.StepViewController",
                "usr": "s:18MobileWorkflowCore18StepViewControllerP"
              }
            ],
            "declKind": "Func",
            "usr": "s:17MWPencilKitPlugin19ImageAnnotationStepC25instantiateViewController18MobileWorkflowCore0fhI0_pyF",
            "mangledName": "$s17MWPencilKitPlugin19ImageAnnotationStepC25instantiateViewController18MobileWorkflowCore0fhI0_pyF",
            "moduleName": "MWPencilKitPlugin",
            "overriding": true,
            "declAttributes": [
              "Override",
              "AccessControl"
            ],
            "funcSelfKind": "NonMutating"
          },
          {
            "kind": "Constructor",
            "name": "init",
            "printedName": "init(identifier:title:text:theme:links:navigationItems:)",
            "children": [
              {
                "kind": "TypeNominal",
                "name": "ImageAnnotationStep",
                "printedName": "MWPencilKitPlugin.ImageAnnotationStep",
                "usr": "s:17MWPencilKitPlugin19ImageAnnotationStepC"
              },
              {
                "kind": "TypeNominal",
                "name": "String",
                "printedName": "Swift.String",
                "usr": "s:SS"
              },
              {
                "kind": "TypeNominal",
                "name": "Optional",
                "printedName": "Swift.String?",
                "children": [
                  {
                    "kind": "TypeNominal",
                    "name": "String",
                    "printedName": "Swift.String",
                    "usr": "s:SS"
                  }
                ],
                "hasDefaultArg": true,
                "usr": "s:Sq"
              },
              {
                "kind": "TypeNominal",
                "name": "Optional",
                "printedName": "Swift.String?",
                "children": [
                  {
                    "kind": "TypeNominal",
                    "name": "String",
                    "printedName": "Swift.String",
                    "usr": "s:SS"
                  }
                ],
                "hasDefaultArg": true,
                "usr": "s:Sq"
              },
              {
                "kind": "TypeNominal",
                "name": "Theme",
                "printedName": "MobileWorkflowCore.Theme",
                "hasDefaultArg": true,
                "usr": "s:18MobileWorkflowCore5ThemeV"
              },
              {
                "kind": "TypeNominal",
                "name": "Array",
                "printedName": "[MobileWorkflowCore.StepLink]",
                "children": [
                  {
                    "kind": "TypeNominal",
                    "name": "StepLink",
                    "printedName": "MobileWorkflowCore.StepLink",
                    "usr": "s:18MobileWorkflowCore8StepLinkV"
                  }
                ],
                "hasDefaultArg": true,
                "usr": "s:Sa"
              },
              {
                "kind": "TypeNominal",
                "name": "Array",
                "printedName": "[MobileWorkflowCore.StepNavigationItem]",
                "children": [
                  {
                    "kind": "TypeNominal",
                    "name": "StepNavigationItem",
                    "printedName": "MobileWorkflowCore.StepNavigationItem",
                    "usr": "s:18MobileWorkflowCore18StepNavigationItemV"
                  }
                ],
                "hasDefaultArg": true,
                "usr": "s:Sa"
              }
            ],
            "declKind": "Constructor",
            "usr": "s:17MWPencilKitPlugin19ImageAnnotationStepC10identifier5title4text5theme5links15navigationItemsACSS_SSSgAJ18MobileWorkflowCore5ThemeVSayAK0F4LinkVGSayAK0F14NavigationItemVGtcfc",
            "mangledName": "$s17MWPencilKitPlugin19ImageAnnotationStepC10identifier5title4text5theme5links15navigationItemsACSS_SSSgAJ18MobileWorkflowCore5ThemeVSayAK0F4LinkVGSayAK0F14NavigationItemVGtcfc",
            "moduleName": "MWPencilKitPlugin",
            "overriding": true,
            "implicit": true,
            "declAttributes": [
              "Override"
            ],
            "init_kind": "Designated"
          },
          {
            "kind": "Constructor",
            "name": "init",
            "printedName": "init(identifier:isOptional:theme:)",
            "children": [
              {
                "kind": "TypeNominal",
                "name": "ImageAnnotationStep",
                "printedName": "MWPencilKitPlugin.ImageAnnotationStep",
                "usr": "s:17MWPencilKitPlugin19ImageAnnotationStepC"
              },
              {
                "kind": "TypeNominal",
                "name": "String",
                "printedName": "Swift.String",
                "usr": "s:SS"
              },
              {
                "kind": "TypeNominal",
                "name": "Bool",
                "printedName": "Swift.Bool",
                "usr": "s:Sb"
              },
              {
                "kind": "TypeNominal",
                "name": "Theme",
                "printedName": "MobileWorkflowCore.Theme",
                "usr": "s:18MobileWorkflowCore5ThemeV"
              }
            ],
            "declKind": "Constructor",
            "usr": "s:17MWPencilKitPlugin19ImageAnnotationStepC10identifier10isOptional5themeACSS_Sb18MobileWorkflowCore5ThemeVtcfc",
            "mangledName": "$s17MWPencilKitPlugin19ImageAnnotationStepC10identifier10isOptional5themeACSS_Sb18MobileWorkflowCore5ThemeVtcfc",
            "moduleName": "MWPencilKitPlugin",
            "overriding": true,
            "implicit": true,
            "declAttributes": [
              "Override"
            ],
            "init_kind": "Designated"
          },
          {
            "kind": "Var",
            "name": "mandatoryCodingPaths",
            "printedName": "mandatoryCodingPaths",
            "children": [
              {
                "kind": "TypeNominal",
                "name": "Array",
                "printedName": "[Swift.CodingKey]",
                "children": [
                  {
                    "kind": "TypeNominal",
                    "name": "CodingKey",
                    "printedName": "Swift.CodingKey",
                    "usr": "s:s9CodingKeyP"
                  }
                ],
                "usr": "s:Sa"
              }
            ],
            "declKind": "Var",
            "usr": "s:17MWPencilKitPlugin19ImageAnnotationStepC20mandatoryCodingPathsSays0H3Key_pGvpZ",
            "mangledName": "$s17MWPencilKitPlugin19ImageAnnotationStepC20mandatoryCodingPathsSays0H3Key_pGvpZ",
            "moduleName": "MWPencilKitPlugin",
            "static": true,
            "declAttributes": [
              "Final",
              "AccessControl"
            ],
            "isFromExtension": true,
            "accessors": [
              {
                "kind": "Accessor",
                "name": "Get",
                "printedName": "Get()",
                "children": [
                  {
                    "kind": "TypeNominal",
                    "name": "Array",
                    "printedName": "[Swift.CodingKey]",
                    "children": [
                      {
                        "kind": "TypeNominal",
                        "name": "CodingKey",
                        "printedName": "Swift.CodingKey",
                        "usr": "s:s9CodingKeyP"
                      }
                    ],
                    "usr": "s:Sa"
                  }
                ],
                "declKind": "Accessor",
                "usr": "s:17MWPencilKitPlugin19ImageAnnotationStepC20mandatoryCodingPathsSays0H3Key_pGvgZ",
                "mangledName": "$s17MWPencilKitPlugin19ImageAnnotationStepC20mandatoryCodingPathsSays0H3Key_pGvgZ",
                "moduleName": "MWPencilKitPlugin",
                "static": true,
                "declAttributes": [
                  "Final"
                ],
                "isFromExtension": true,
                "accessorKind": "get"
              }
            ]
          },
          {
            "kind": "Function",
            "name": "build",
            "printedName": "build(stepInfo:services:)",
            "children": [
              {
                "kind": "TypeNominal",
                "name": "Step",
                "printedName": "MobileWorkflowCore.Step",
                "usr": "s:18MobileWorkflowCore4StepP"
              },
              {
                "kind": "TypeNominal",
                "name": "StepInfo",
                "printedName": "MobileWorkflowCore.StepInfo",
                "usr": "s:18MobileWorkflowCore8StepInfoV"
              },
              {
                "kind": "TypeNominal",
                "name": "StepServices",
                "printedName": "MobileWorkflowCore.StepServices",
                "usr": "s:18MobileWorkflowCore12StepServicesC"
              }
            ],
            "declKind": "Func",
            "usr": "s:17MWPencilKitPlugin19ImageAnnotationStepC5build8stepInfo8services18MobileWorkflowCore0F0_pAG0fI0V_AG0F8ServicesCtKFZ",
            "mangledName": "$s17MWPencilKitPlugin19ImageAnnotationStepC5build8stepInfo8services18MobileWorkflowCore0F0_pAG0fI0V_AG0F8ServicesCtKFZ",
            "moduleName": "MWPencilKitPlugin",
            "static": true,
            "declAttributes": [
              "Final",
              "AccessControl"
            ],
            "isFromExtension": true,
            "throwing": true,
            "funcSelfKind": "NonMutating"
          }
        ],
        "declKind": "Class",
        "usr": "s:17MWPencilKitPlugin19ImageAnnotationStepC",
        "mangledName": "$s17MWPencilKitPlugin19ImageAnnotationStepC",
        "moduleName": "MWPencilKitPlugin",
        "declAttributes": [
          "AccessControl"
        ],
        "superclassUsr": "s:18MobileWorkflowCore6MWStepC",
        "hasMissingDesignatedInitializers": true,
        "superclassNames": [
          "MobileWorkflowCore.MWStep"
        ],
        "conformances": [
          {
            "kind": "Conformance",
            "name": "BuildableStep",
            "printedName": "BuildableStep",
            "usr": "s:18MobileWorkflowCore13BuildableStepP",
            "mangledName": "$s18MobileWorkflowCore13BuildableStepP"
          },
          {
            "kind": "Conformance",
            "name": "Step",
            "printedName": "Step",
            "usr": "s:18MobileWorkflowCore4StepP",
            "mangledName": "$s18MobileWorkflowCore4StepP"
          }
        ]
      },
      {
        "kind": "TypeDecl",
        "name": "PencilKitAnnotationMetadata",
        "printedName": "PencilKitAnnotationMetadata",
        "children": [
          {
            "kind": "Constructor",
            "name": "init",
            "printedName": "init(from:)",
            "children": [
              {
                "kind": "TypeNominal",
                "name": "PencilKitAnnotationMetadata",
                "printedName": "MWPencilKitPlugin.PencilKitAnnotationMetadata",
                "usr": "s:17MWPencilKitPlugin06PencilB18AnnotationMetadataC"
              },
              {
                "kind": "TypeNominal",
                "name": "Decoder",
                "printedName": "Swift.Decoder",
                "usr": "s:s7DecoderP"
              }
            ],
            "declKind": "Constructor",
            "usr": "s:17MWPencilKitPlugin06PencilB18AnnotationMetadataC4fromACs7Decoder_p_tKcfc",
            "mangledName": "$s17MWPencilKitPlugin06PencilB18AnnotationMetadataC4fromACs7Decoder_p_tKcfc",
            "moduleName": "MWPencilKitPlugin",
            "overriding": true,
            "declAttributes": [
              "Required",
              "AccessControl"
            ],
            "throwing": true,
            "init_kind": "Designated"
          },
          {
            "kind": "Function",
            "name": "encode",
            "printedName": "encode(to:)",
            "children": [
              {
                "kind": "TypeNominal",
                "name": "Void",
                "printedName": "()"
              },
              {
                "kind": "TypeNominal",
                "name": "Encoder",
                "printedName": "Swift.Encoder",
                "usr": "s:s7EncoderP"
              }
            ],
            "declKind": "Func",
            "usr": "s:17MWPencilKitPlugin06PencilB18AnnotationMetadataC6encode2toys7Encoder_p_tKF",
            "mangledName": "$s17MWPencilKitPlugin06PencilB18AnnotationMetadataC6encode2toys7Encoder_p_tKF",
            "moduleName": "MWPencilKitPlugin",
            "overriding": true,
            "declAttributes": [
              "Override",
              "AccessControl"
            ],
            "throwing": true,
            "funcSelfKind": "NonMutating"
          },
          {
            "kind": "Constructor",
            "name": "init",
            "printedName": "init(id:type:title:next:links:)",
            "children": [
              {
                "kind": "TypeNominal",
                "name": "PencilKitAnnotationMetadata",
                "printedName": "MWPencilKitPlugin.PencilKitAnnotationMetadata",
                "usr": "s:17MWPencilKitPlugin06PencilB18AnnotationMetadataC"
              },
              {
                "kind": "TypeNominal",
                "name": "String",
                "printedName": "Swift.String",
                "usr": "s:SS"
              },
              {
                "kind": "TypeNominal",
                "name": "String",
                "printedName": "Swift.String",
                "usr": "s:SS"
              },
              {
                "kind": "TypeNominal",
                "name": "String",
                "printedName": "Swift.String",
                "usr": "s:SS"
              },
              {
                "kind": "TypeNominal",
                "name": "Optional",
                "printedName": "MobileWorkflowCore.PushLinkMetadata?",
                "children": [
                  {
                    "kind": "TypeNominal",
                    "name": "PushLinkMetadata",
                    "printedName": "MobileWorkflowCore.PushLinkMetadata",
                    "usr": "s:18MobileWorkflowCore16PushLinkMetadataC"
                  }
                ],
                "hasDefaultArg": true,
                "usr": "s:Sq"
              },
              {
                "kind": "TypeNominal",
                "name": "Array",
                "printedName": "[MobileWorkflowCore.LinkMetadata]",
                "children": [
                  {
                    "kind": "TypeNominal",
                    "name": "LinkMetadata",
                    "printedName": "MobileWorkflowCore.LinkMetadata",
                    "usr": "s:18MobileWorkflowCore12LinkMetadataC"
                  }
                ],
                "hasDefaultArg": true,
                "usr": "s:Sa"
              }
            ],
            "declKind": "Constructor",
            "usr": "s:17MWPencilKitPlugin06PencilB18AnnotationMetadataC2id4type5title4next5linksACSS_S2S18MobileWorkflowCore08PushLinkF0CSgSayAI0pF0CGtcfc",
            "mangledName": "$s17MWPencilKitPlugin06PencilB18AnnotationMetadataC2id4type5title4next5linksACSS_S2S18MobileWorkflowCore08PushLinkF0CSgSayAI0pF0CGtcfc",
            "moduleName": "MWPencilKitPlugin",
            "overriding": true,
            "implicit": true,
            "declAttributes": [
              "Override"
            ],
            "init_kind": "Designated"
          }
        ],
        "declKind": "Class",
        "usr": "s:17MWPencilKitPlugin06PencilB18AnnotationMetadataC",
        "mangledName": "$s17MWPencilKitPlugin06PencilB18AnnotationMetadataC",
        "moduleName": "MWPencilKitPlugin",
        "declAttributes": [
          "AccessControl"
        ],
        "superclassUsr": "s:18MobileWorkflowCore12StepMetadataC",
        "hasMissingDesignatedInitializers": true,
        "superclassNames": [
          "MobileWorkflowCore.StepMetadata"
        ],
        "conformances": [
          {
            "kind": "Conformance",
            "name": "Decodable",
            "printedName": "Decodable",
            "usr": "s:Se",
            "mangledName": "$sSe"
          },
          {
            "kind": "Conformance",
            "name": "Encodable",
            "printedName": "Encodable",
            "usr": "s:SE",
            "mangledName": "$sSE"
          }
        ]
      },
      {
        "kind": "Import",
        "name": "UIKit",
        "printedName": "UIKit",
        "declKind": "Import",
        "moduleName": "MWPencilKitPlugin",
        "declAttributes": [
          "RawDocComment"
        ]
      },
      {
        "kind": "Import",
        "name": "MobileWorkflowCore",
        "printedName": "MobileWorkflowCore",
        "declKind": "Import",
        "moduleName": "MWPencilKitPlugin"
      },
      {
        "kind": "Import",
        "name": "PencilKit",
        "printedName": "PencilKit",
        "declKind": "Import",
        "moduleName": "MWPencilKitPlugin"
      },
      {
        "kind": "TypeDecl",
        "name": "ImageAnnotationStepViewController",
        "printedName": "ImageAnnotationStepViewController",
        "children": [
          {
            "kind": "Var",
            "name": "titleMode",
            "printedName": "titleMode",
            "children": [
              {
                "kind": "TypeNominal",
                "name": "StepViewControllerTitleMode",
                "printedName": "MobileWorkflowCore.StepViewControllerTitleMode",
                "usr": "s:18MobileWorkflowCore27StepViewControllerTitleModeO"
              }
            ],
            "declKind": "Var",
            "usr": "s:17MWPencilKitPlugin33ImageAnnotationStepViewControllerC9titleMode18MobileWorkflowCore0fgh5TitleJ0Ovp",
            "mangledName": "$s17MWPencilKitPlugin33ImageAnnotationStepViewControllerC9titleMode18MobileWorkflowCore0fgh5TitleJ0Ovp",
            "moduleName": "MWPencilKitPlugin",
            "overriding": true,
            "declAttributes": [
              "Custom",
              "Override",
              "AccessControl"
            ],
            "accessors": [
              {
                "kind": "Accessor",
                "name": "Get",
                "printedName": "Get()",
                "children": [
                  {
                    "kind": "TypeNominal",
                    "name": "StepViewControllerTitleMode",
                    "printedName": "MobileWorkflowCore.StepViewControllerTitleMode",
                    "usr": "s:18MobileWorkflowCore27StepViewControllerTitleModeO"
                  }
                ],
                "declKind": "Accessor",
                "usr": "s:17MWPencilKitPlugin33ImageAnnotationStepViewControllerC9titleMode18MobileWorkflowCore0fgh5TitleJ0Ovg",
                "mangledName": "$s17MWPencilKitPlugin33ImageAnnotationStepViewControllerC9titleMode18MobileWorkflowCore0fgh5TitleJ0Ovg",
                "moduleName": "MWPencilKitPlugin",
                "overriding": true,
                "accessorKind": "get"
              }
            ]
          },
          {
            "kind": "Function",
            "name": "viewDidLoad",
            "printedName": "viewDidLoad()",
            "children": [
              {
                "kind": "TypeNominal",
                "name": "Void",
                "printedName": "()"
              }
            ],
            "declKind": "Func",
            "usr": "c:@M@MWPencilKitPlugin@objc(cs)ImageAnnotationStepViewController(im)viewDidLoad",
            "mangledName": "$s17MWPencilKitPlugin33ImageAnnotationStepViewControllerC11viewDidLoadyyF",
            "moduleName": "MWPencilKitPlugin",
            "overriding": true,
            "objc_name": "viewDidLoad",
            "declAttributes": [
              "Dynamic",
              "ObjC",
              "Custom",
              "Override",
              "AccessControl"
            ],
            "funcSelfKind": "NonMutating"
          },
          {
            "kind": "Function",
            "name": "viewWillAppear",
            "printedName": "viewWillAppear(_:)",
            "children": [
              {
                "kind": "TypeNominal",
                "name": "Void",
                "printedName": "()"
              },
              {
                "kind": "TypeNominal",
                "name": "Bool",
                "printedName": "Swift.Bool",
                "usr": "s:Sb"
              }
            ],
            "declKind": "Func",
            "usr": "c:@M@MWPencilKitPlugin@objc(cs)ImageAnnotationStepViewController(im)viewWillAppear:",
            "mangledName": "$s17MWPencilKitPlugin33ImageAnnotationStepViewControllerC14viewWillAppearyySbF",
            "moduleName": "MWPencilKitPlugin",
            "overriding": true,
            "objc_name": "viewWillAppear:",
            "declAttributes": [
              "Dynamic",
              "ObjC",
              "Custom",
              "Override",
              "AccessControl"
            ],
            "funcSelfKind": "NonMutating"
          },
          {
            "kind": "Function",
            "name": "viewDidAppear",
            "printedName": "viewDidAppear(_:)",
            "children": [
              {
                "kind": "TypeNominal",
                "name": "Void",
                "printedName": "()"
              },
              {
                "kind": "TypeNominal",
                "name": "Bool",
                "printedName": "Swift.Bool",
                "usr": "s:Sb"
              }
            ],
            "declKind": "Func",
            "usr": "c:@M@MWPencilKitPlugin@objc(cs)ImageAnnotationStepViewController(im)viewDidAppear:",
            "mangledName": "$s17MWPencilKitPlugin33ImageAnnotationStepViewControllerC13viewDidAppearyySbF",
            "moduleName": "MWPencilKitPlugin",
            "overriding": true,
            "objc_name": "viewDidAppear:",
            "declAttributes": [
              "Dynamic",
              "ObjC",
              "Custom",
              "Override",
              "AccessControl"
            ],
            "funcSelfKind": "NonMutating"
          },
          {
            "kind": "Function",
            "name": "viewWillDisappear",
            "printedName": "viewWillDisappear(_:)",
            "children": [
              {
                "kind": "TypeNominal",
                "name": "Void",
                "printedName": "()"
              },
              {
                "kind": "TypeNominal",
                "name": "Bool",
                "printedName": "Swift.Bool",
                "usr": "s:Sb"
              }
            ],
            "declKind": "Func",
            "usr": "c:@M@MWPencilKitPlugin@objc(cs)ImageAnnotationStepViewController(im)viewWillDisappear:",
            "mangledName": "$s17MWPencilKitPlugin33ImageAnnotationStepViewControllerC17viewWillDisappearyySbF",
            "moduleName": "MWPencilKitPlugin",
            "overriding": true,
            "objc_name": "viewWillDisappear:",
            "declAttributes": [
              "Dynamic",
              "ObjC",
              "Custom",
              "Override",
              "AccessControl"
            ],
            "funcSelfKind": "NonMutating"
          },
          {
            "kind": "Function",
            "name": "viewWillLayoutSubviews",
            "printedName": "viewWillLayoutSubviews()",
            "children": [
              {
                "kind": "TypeNominal",
                "name": "Void",
                "printedName": "()"
              }
            ],
            "declKind": "Func",
            "usr": "c:@M@MWPencilKitPlugin@objc(cs)ImageAnnotationStepViewController(im)viewWillLayoutSubviews",
            "mangledName": "$s17MWPencilKitPlugin33ImageAnnotationStepViewControllerC22viewWillLayoutSubviewsyyF",
            "moduleName": "MWPencilKitPlugin",
            "overriding": true,
            "objc_name": "viewWillLayoutSubviews",
            "declAttributes": [
              "Dynamic",
              "ObjC",
              "Custom",
              "Override",
              "AccessControl"
            ],
            "funcSelfKind": "NonMutating"
          },
          {
            "kind": "Constructor",
            "name": "init",
            "printedName": "init(step:nibName:bundle:)",
            "children": [
              {
                "kind": "TypeNominal",
                "name": "ImageAnnotationStepViewController",
                "printedName": "MWPencilKitPlugin.ImageAnnotationStepViewController",
                "usr": "c:@M@MWPencilKitPlugin@objc(cs)ImageAnnotationStepViewController"
              },
              {
                "kind": "TypeNominal",
                "name": "Step",
                "printedName": "MobileWorkflowCore.Step",
                "usr": "s:18MobileWorkflowCore4StepP"
              },
              {
                "kind": "TypeNominal",
                "name": "Optional",
                "printedName": "Swift.String?",
                "children": [
                  {
                    "kind": "TypeNominal",
                    "name": "String",
                    "printedName": "Swift.String",
                    "usr": "s:SS"
                  }
                ],
                "usr": "s:Sq"
              },
              {
                "kind": "TypeNominal",
                "name": "Optional",
                "printedName": "Foundation.Bundle?",
                "children": [
                  {
                    "kind": "TypeNominal",
                    "name": "Bundle",
                    "printedName": "Foundation.Bundle",
                    "usr": "c:objc(cs)NSBundle"
                  }
                ],
                "usr": "s:Sq"
              }
            ],
            "declKind": "Constructor",
            "usr": "s:17MWPencilKitPlugin33ImageAnnotationStepViewControllerC4step7nibName6bundleAC18MobileWorkflowCore0F0_p_SSSgSo8NSBundleCSgtcfc",
            "mangledName": "$s17MWPencilKitPlugin33ImageAnnotationStepViewControllerC4step7nibName6bundleAC18MobileWorkflowCore0F0_p_SSSgSo8NSBundleCSgtcfc",
            "moduleName": "MWPencilKitPlugin",
            "overriding": true,
            "implicit": true,
            "declAttributes": [
              "Custom",
              "Override"
            ],
            "init_kind": "Designated"
          },
          {
            "kind": "Constructor",
            "name": "init",
            "printedName": "init(step:)",
            "children": [
              {
                "kind": "TypeNominal",
                "name": "ImageAnnotationStepViewController",
                "printedName": "MWPencilKitPlugin.ImageAnnotationStepViewController",
                "usr": "c:@M@MWPencilKitPlugin@objc(cs)ImageAnnotationStepViewController"
              },
              {
                "kind": "TypeNominal",
                "name": "Step",
                "printedName": "MobileWorkflowCore.Step",
                "usr": "s:18MobileWorkflowCore4StepP"
              }
            ],
            "declKind": "Constructor",
            "usr": "s:17MWPencilKitPlugin33ImageAnnotationStepViewControllerC4stepAC18MobileWorkflowCore0F0_p_tcfc",
            "mangledName": "$s17MWPencilKitPlugin33ImageAnnotationStepViewControllerC4stepAC18MobileWorkflowCore0F0_p_tcfc",
            "moduleName": "MWPencilKitPlugin",
            "overriding": true,
            "implicit": true,
            "declAttributes": [
              "Custom",
              "Override"
            ],
            "init_kind": "Designated"
          },
          {
            "kind": "Constructor",
            "name": "init",
            "printedName": "init(coder:)",
            "children": [
              {
                "kind": "TypeNominal",
                "name": "Optional",
                "printedName": "MWPencilKitPlugin.ImageAnnotationStepViewController?",
                "children": [
                  {
                    "kind": "TypeNominal",
                    "name": "ImageAnnotationStepViewController",
                    "printedName": "MWPencilKitPlugin.ImageAnnotationStepViewController",
                    "usr": "c:@M@MWPencilKitPlugin@objc(cs)ImageAnnotationStepViewController"
                  }
                ],
                "usr": "s:Sq"
              },
              {
                "kind": "TypeNominal",
                "name": "NSCoder",
                "printedName": "Foundation.NSCoder",
                "usr": "c:objc(cs)NSCoder"
              }
            ],
            "declKind": "Constructor",
            "usr": "c:@M@MWPencilKitPlugin@objc(cs)ImageAnnotationStepViewController(im)initWithCoder:",
            "mangledName": "$s17MWPencilKitPlugin33ImageAnnotationStepViewControllerC5coderACSgSo7NSCoderC_tcfc",
            "moduleName": "MWPencilKitPlugin",
            "overriding": true,
            "implicit": true,
            "objc_name": "initWithCoder:",
            "declAttributes": [
              "Dynamic",
              "ObjC",
              "Custom",
              "Required"
            ],
            "init_kind": "Designated"
          },
          {
            "kind": "Function",
            "name": "viewForZooming",
            "printedName": "viewForZooming(in:)",
            "children": [
              {
                "kind": "TypeNominal",
                "name": "Optional",
                "printedName": "UIKit.UIView?",
                "children": [
                  {
                    "kind": "TypeNominal",
                    "name": "UIView",
                    "printedName": "UIKit.UIView",
                    "usr": "c:objc(cs)UIView"
                  }
                ],
                "usr": "s:Sq"
              },
              {
                "kind": "TypeNominal",
                "name": "UIScrollView",
                "printedName": "UIKit.UIScrollView",
                "usr": "c:objc(cs)UIScrollView"
              }
            ],
            "declKind": "Func",
            "usr": "c:@CM@MWPencilKitPlugin@objc(cs)ImageAnnotationStepViewController(im)viewForZoomingInScrollView:",
            "mangledName": "$s17MWPencilKitPlugin33ImageAnnotationStepViewControllerC14viewForZooming2inSo6UIViewCSgSo08UIScrollG0C_tF",
            "moduleName": "MWPencilKitPlugin",
            "objc_name": "viewForZoomingInScrollView:",
            "declAttributes": [
              "Dynamic",
              "ObjC",
              "Custom",
              "AccessControl"
            ],
            "isFromExtension": true,
            "funcSelfKind": "NonMutating"
          },
          {
            "kind": "Function",
            "name": "scrollViewDidZoom",
            "printedName": "scrollViewDidZoom(_:)",
            "children": [
              {
                "kind": "TypeNominal",
                "name": "Void",
                "printedName": "()"
              },
              {
                "kind": "TypeNominal",
                "name": "UIScrollView",
                "printedName": "UIKit.UIScrollView",
                "usr": "c:objc(cs)UIScrollView"
              }
            ],
            "declKind": "Func",
            "usr": "c:@CM@MWPencilKitPlugin@objc(cs)ImageAnnotationStepViewController(im)scrollViewDidZoom:",
            "mangledName": "$s17MWPencilKitPlugin33ImageAnnotationStepViewControllerC06scrollG7DidZoomyySo08UIScrollG0CF",
            "moduleName": "MWPencilKitPlugin",
            "objc_name": "scrollViewDidZoom:",
            "declAttributes": [
              "Dynamic",
              "ObjC",
              "Custom",
              "AccessControl"
            ],
            "isFromExtension": true,
            "funcSelfKind": "NonMutating"
          },
          {
            "kind": "Function",
            "name": "canvasViewDrawingDidChange",
            "printedName": "canvasViewDrawingDidChange(_:)",
            "children": [
              {
                "kind": "TypeNominal",
                "name": "Void",
                "printedName": "()"
              },
              {
                "kind": "TypeNominal",
                "name": "PKCanvasView",
                "printedName": "PencilKit.PKCanvasView",
                "usr": "c:objc(cs)PKCanvasView"
              }
            ],
            "declKind": "Func",
            "usr": "c:@CM@MWPencilKitPlugin@objc(cs)ImageAnnotationStepViewController(im)canvasViewDrawingDidChange:",
            "mangledName": "$s17MWPencilKitPlugin33ImageAnnotationStepViewControllerC06canvasG16DrawingDidChangeyySo08PKCanvasG0CF",
            "moduleName": "MWPencilKitPlugin",
            "objc_name": "canvasViewDrawingDidChange:",
            "declAttributes": [
              "Dynamic",
              "ObjC",
              "Custom",
              "AccessControl"
            ],
            "isFromExtension": true,
            "funcSelfKind": "NonMutating"
          },
          {
            "kind": "Function",
            "name": "toolPickerFramesObscuredDidChange",
            "printedName": "toolPickerFramesObscuredDidChange(_:)",
            "children": [
              {
                "kind": "TypeNominal",
                "name": "Void",
                "printedName": "()"
              },
              {
                "kind": "TypeNominal",
                "name": "PKToolPicker",
                "printedName": "PencilKit.PKToolPicker",
                "usr": "c:objc(cs)PKToolPicker"
              }
            ],
            "declKind": "Func",
            "usr": "c:@CM@MWPencilKitPlugin@objc(cs)ImageAnnotationStepViewController(im)toolPickerFramesObscuredDidChange:",
            "mangledName": "$s17MWPencilKitPlugin33ImageAnnotationStepViewControllerC33toolPickerFramesObscuredDidChangeyySo06PKToolJ0CF",
            "moduleName": "MWPencilKitPlugin",
            "objc_name": "toolPickerFramesObscuredDidChange:",
            "declAttributes": [
              "Dynamic",
              "ObjC",
              "Custom",
              "AccessControl"
            ],
            "isFromExtension": true,
            "funcSelfKind": "NonMutating"
          },
          {
            "kind": "Function",
            "name": "toolPickerVisibilityDidChange",
            "printedName": "toolPickerVisibilityDidChange(_:)",
            "children": [
              {
                "kind": "TypeNominal",
                "name": "Void",
                "printedName": "()"
              },
              {
                "kind": "TypeNominal",
                "name": "PKToolPicker",
                "printedName": "PencilKit.PKToolPicker",
                "usr": "c:objc(cs)PKToolPicker"
              }
            ],
            "declKind": "Func",
            "usr": "c:@CM@MWPencilKitPlugin@objc(cs)ImageAnnotationStepViewController(im)toolPickerVisibilityDidChange:",
            "mangledName": "$s17MWPencilKitPlugin33ImageAnnotationStepViewControllerC29toolPickerVisibilityDidChangeyySo06PKToolJ0CF",
            "moduleName": "MWPencilKitPlugin",
            "objc_name": "toolPickerVisibilityDidChange:",
            "declAttributes": [
              "Dynamic",
              "ObjC",
              "Custom",
              "AccessControl"
            ],
            "isFromExtension": true,
            "funcSelfKind": "NonMutating"
          }
        ],
        "declKind": "Class",
        "usr": "c:@M@MWPencilKitPlugin@objc(cs)ImageAnnotationStepViewController",
        "mangledName": "$s17MWPencilKitPlugin33ImageAnnotationStepViewControllerC",
        "moduleName": "MWPencilKitPlugin",
        "declAttributes": [
          "Custom",
          "AccessControl",
          "ObjC"
        ],
        "superclassUsr": "c:@M@MobileWorkflowCore@objc(cs)MWStepViewController",
        "inheritsConvenienceInitializers": true,
        "superclassNames": [
          "MobileWorkflowCore.MWStepViewController",
          "UIKit.UIViewController",
          "UIKit.UIResponder",
          "ObjectiveC.NSObject"
        ],
        "conformances": [
          {
            "kind": "Conformance",
            "name": "StepViewController",
            "printedName": "StepViewController",
            "usr": "s:18MobileWorkflowCore18StepViewControllerP",
            "mangledName": "$s18MobileWorkflowCore18StepViewControllerP"
          },
          {
            "kind": "Conformance",
            "name": "Equatable",
            "printedName": "Equatable",
            "usr": "s:SQ",
            "mangledName": "$sSQ"
          },
          {
            "kind": "Conformance",
            "name": "Hashable",
            "printedName": "Hashable",
            "usr": "s:SH",
            "mangledName": "$sSH"
          },
          {
            "kind": "Conformance",
            "name": "CVarArg",
            "printedName": "CVarArg",
            "usr": "s:s7CVarArgP",
            "mangledName": "$ss7CVarArgP"
          },
          {
            "kind": "Conformance",
            "name": "_KeyValueCodingAndObservingPublishing",
            "printedName": "_KeyValueCodingAndObservingPublishing",
            "usr": "s:10Foundation37_KeyValueCodingAndObservingPublishingP",
            "mangledName": "$s10Foundation37_KeyValueCodingAndObservingPublishingP"
          },
          {
            "kind": "Conformance",
            "name": "_KeyValueCodingAndObserving",
            "printedName": "_KeyValueCodingAndObserving",
            "usr": "s:10Foundation27_KeyValueCodingAndObservingP",
            "mangledName": "$s10Foundation27_KeyValueCodingAndObservingP"
          },
          {
            "kind": "Conformance",
            "name": "CustomStringConvertible",
            "printedName": "CustomStringConvertible",
            "usr": "s:s23CustomStringConvertibleP",
            "mangledName": "$ss23CustomStringConvertibleP"
          },
          {
            "kind": "Conformance",
            "name": "CustomDebugStringConvertible",
            "printedName": "CustomDebugStringConvertible",
            "usr": "s:s28CustomDebugStringConvertibleP",
            "mangledName": "$ss28CustomDebugStringConvertibleP"
          }
        ]
      },
      {
        "kind": "TypeDecl",
        "name": "StepMetadata",
        "printedName": "StepMetadata",
        "children": [
          {
            "kind": "Function",
            "name": "pencilKitAnnotation",
            "printedName": "pencilKitAnnotation(id:title:imageUrl:next:links:)",
            "children": [
              {
                "kind": "TypeNominal",
                "name": "PencilKitAnnotationMetadata",
                "printedName": "MWPencilKitPlugin.PencilKitAnnotationMetadata",
                "usr": "s:17MWPencilKitPlugin06PencilB18AnnotationMetadataC"
              },
              {
                "kind": "TypeNominal",
                "name": "String",
                "printedName": "Swift.String",
                "usr": "s:SS"
              },
              {
                "kind": "TypeNominal",
                "name": "String",
                "printedName": "Swift.String",
                "usr": "s:SS"
              },
              {
                "kind": "TypeNominal",
                "name": "String",
                "printedName": "Swift.String",
                "usr": "s:SS"
              },
              {
                "kind": "TypeNominal",
                "name": "Optional",
                "printedName": "MobileWorkflowCore.PushLinkMetadata?",
                "children": [
                  {
                    "kind": "TypeNominal",
                    "name": "PushLinkMetadata",
                    "printedName": "MobileWorkflowCore.PushLinkMetadata",
                    "usr": "s:18MobileWorkflowCore16PushLinkMetadataC"
                  }
                ],
                "hasDefaultArg": true,
                "usr": "s:Sq"
              },
              {
                "kind": "TypeNominal",
                "name": "Array",
                "printedName": "[MobileWorkflowCore.LinkMetadata]",
                "children": [
                  {
                    "kind": "TypeNominal",
                    "name": "LinkMetadata",
                    "printedName": "MobileWorkflowCore.LinkMetadata",
                    "usr": "s:18MobileWorkflowCore12LinkMetadataC"
                  }
                ],
                "hasDefaultArg": true,
                "usr": "s:Sa"
              }
            ],
            "declKind": "Func",
            "usr": "s:18MobileWorkflowCore12StepMetadataC17MWPencilKitPluginE06pencilG10Annotation2id5title8imageUrl4next5linksAD06PencilgjE0CSS_S2SAA08PushLinkE0CSgSayAA0sE0CGtFZ",
            "mangledName": "$s18MobileWorkflowCore12StepMetadataC17MWPencilKitPluginE06pencilG10Annotation2id5title8imageUrl4next5linksAD06PencilgjE0CSS_S2SAA08PushLinkE0CSgSayAA0sE0CGtFZ",
            "moduleName": "MWPencilKitPlugin",
            "static": true,
            "declAttributes": [
              "Final"
            ],
            "isFromExtension": true,
            "funcSelfKind": "NonMutating"
          }
        ],
        "declKind": "Class",
        "usr": "s:18MobileWorkflowCore12StepMetadataC",
        "mangledName": "$s18MobileWorkflowCore12StepMetadataC",
        "moduleName": "MobileWorkflowCore",
        "isOpen": true,
        "isExternal": true,
        "conformances": [
          {
            "kind": "Conformance",
            "name": "Decodable",
            "printedName": "Decodable",
            "usr": "s:Se",
            "mangledName": "$sSe"
          },
          {
            "kind": "Conformance",
            "name": "Encodable",
            "printedName": "Encodable",
            "usr": "s:SE",
            "mangledName": "$sSE"
          }
        ]
      }
    ],
    "json_format_version": 8
  },
  "ConstValues": [
    {
      "filePath": "\/Users\/vagrant\/git\/project\/MWPencilKitPlugin\/MWPencilKitPlugin\/MWImageAnnotationPlugin.swift",
      "kind": "StringLiteral",
      "offset": 342,
      "length": 35,
      "value": "\"io.mobileworkflow.ImageAnnotation\""
    },
    {
      "filePath": "\/Users\/vagrant\/git\/project\/MWPencilKitPlugin\/MWPencilKitPlugin\/MWImageAnnotationPlugin.swift",
      "kind": "StringLiteral",
      "offset": 342,
      "length": 35,
      "value": "\"io.mobileworkflow.ImageAnnotation\""
    },
    {
      "filePath": "\/Users\/vagrant\/git\/project\/MWPencilKitPlugin\/MWPencilKitPlugin\/MWImageAnnotationPlugin.swift",
      "kind": "StringLiteral",
      "offset": 683,
      "length": 7,
      "value": "\"Error\""
    },
    {
      "filePath": "\/Users\/vagrant\/git\/project\/MWPencilKitPlugin\/MWPencilKitPlugin\/MWImageAnnotationPlugin.swift",
      "kind": "StringLiteral",
      "offset": 722,
      "length": 23,
      "value": "\"Unable to load image.\""
    },
    {
      "filePath": "\/Users\/vagrant\/git\/project\/MWPencilKitPlugin\/MWPencilKitPlugin\/MWImageAnnotation\/ImageAnnotationResult.swift",
      "kind": "StringLiteral",
      "offset": 193,
      "length": 21,
      "value": "\"MWPencilKitPlugin.ImageAnnotationResult\""
    },
    {
      "filePath": "\/Users\/vagrant\/git\/project\/MWPencilKitPlugin\/MWPencilKitPlugin\/MWImageAnnotation\/ImageAnnotationResult.swift",
      "kind": "StringLiteral",
      "offset": 193,
      "length": 21,
      "value": "\"MWPencilKitPlugin.ImageAnnotationResult\""
    },
    {
      "filePath": "\/Users\/vagrant\/git\/project\/MWPencilKitPlugin\/MWPencilKitPlugin\/MWImageAnnotation\/ImageAnnotationStep.swift",
      "kind": "StringLiteral",
      "offset": 120,
      "length": 19,
      "value": "\"MWPencilKitPlugin.ImageAnnotationStep\""
    },
    {
      "filePath": "\/Users\/vagrant\/git\/project\/MWPencilKitPlugin\/MWPencilKitPlugin\/MWImageAnnotation\/ImageAnnotationStep.swift",
      "kind": "StringLiteral",
      "offset": 120,
      "length": 19,
      "value": "\"MWPencilKitPlugin.ImageAnnotationStep\""
    },
    {
      "filePath": "\/Users\/vagrant\/git\/project\/MWPencilKitPlugin\/MWPencilKitPlugin\/MWImageAnnotation\/ImageAnnotationStep.swift",
      "kind": "StringLiteral",
      "offset": 1312,
      "length": 11,
      "value": "\"image_url\""
    },
    {
      "filePath": "\/Users\/vagrant\/git\/project\/MWPencilKitPlugin\/MWPencilKitPlugin\/MWImageAnnotation\/ImageAnnotationStep.swift",
      "kind": "StringLiteral",
      "offset": 1312,
      "length": 11,
      "value": "\"image_url\""
    },
    {
      "filePath": "\/Users\/vagrant\/git\/project\/MWPencilKitPlugin\/MWPencilKitPlugin\/MWImageAnnotation\/ImageAnnotationStep.swift",
      "kind": "StringLiteral",
      "offset": 1203,
      "length": 27,
      "value": "\"MWPencilKitPlugin.PencilKitAnnotationMetadata\""
    },
    {
      "filePath": "\/Users\/vagrant\/git\/project\/MWPencilKitPlugin\/MWPencilKitPlugin\/MWImageAnnotation\/ImageAnnotationStep.swift",
      "kind": "Array",
      "offset": 2327,
      "length": 2,
      "value": "[]"
    },
    {
      "filePath": "\/Users\/vagrant\/git\/project\/MWPencilKitPlugin\/MWPencilKitPlugin\/MWImageAnnotation\/ImageAnnotationStepViewController.swift",
      "kind": "Array",
      "offset": 447,
      "length": 2,
      "value": "[]"
    },
    {
      "filePath": "\/Users\/vagrant\/git\/project\/MWPencilKitPlugin\/MWPencilKitPlugin\/MWImageAnnotation\/ImageAnnotationStepViewController.swift",
      "kind": "BooleanLiteral",
      "offset": 756,
      "length": 5,
      "value": "false"
    },
    {
      "filePath": "\/Users\/vagrant\/git\/project\/MWPencilKitPlugin\/MWPencilKitPlugin\/MWImageAnnotation\/ImageAnnotationStepViewController.swift",
      "kind": "BooleanLiteral",
      "offset": 801,
      "length": 4,
      "value": "true"
    }
  ]
}