{
  "ABIRoot": {
    "kind": "Root",
    "name": "TopLevel",
    "printedName": "TopLevel",
    "children": [
      {
        "kind": "Import",
        "name": "Foundation",
        "printedName": "Foundation",
        "declKind": "Import",
        "moduleName": "MWAirtablePlugin",
        "declAttributes": [
          "RawDocComment"
        ]
      },
      {
        "kind": "Import",
        "name": "MobileWorkflowCore",
        "printedName": "MobileWorkflowCore",
        "declKind": "Import",
        "moduleName": "MWAirtablePlugin"
      },
      {
        "kind": "TypeDecl",
        "name": "MWAirtablePluginStruct",
        "printedName": "MWAirtablePluginStruct",
        "children": [
          {
            "kind": "Var",
            "name": "networkServiceType",
            "printedName": "networkServiceType",
            "children": [
              {
                "kind": "TypeNominal",
                "name": "ServiceType",
                "printedName": "MobileWorkflowCore.ServiceType",
                "usr": "s:18MobileWorkflowCore11ServiceTypeP"
              }
            ],
            "declKind": "Var",
            "usr": "s:16MWAirtablePlugin0aB6StructV18networkServiceType18MobileWorkflowCore0eF0_pvpZ",
            "mangledName": "$s16MWAirtablePlugin0aB6StructV18networkServiceType18MobileWorkflowCore0eF0_pvpZ",
            "moduleName": "MWAirtablePlugin",
            "static": true,
            "declAttributes": [
              "AccessControl"
            ],
            "accessors": [
              {
                "kind": "Accessor",
                "name": "Get",
                "printedName": "Get()",
                "children": [
                  {
                    "kind": "TypeNominal",
                    "name": "ServiceType",
                    "printedName": "MobileWorkflowCore.ServiceType",
                    "usr": "s:18MobileWorkflowCore11ServiceTypeP"
                  }
                ],
                "declKind": "Accessor",
                "usr": "s:16MWAirtablePlugin0aB6StructV18networkServiceType18MobileWorkflowCore0eF0_pvgZ",
                "mangledName": "$s16MWAirtablePlugin0aB6StructV18networkServiceType18MobileWorkflowCore0eF0_pvgZ",
                "moduleName": "MWAirtablePlugin",
                "static": true,
                "accessorKind": "get"
              }
            ]
          }
        ],
        "declKind": "Struct",
        "usr": "s:16MWAirtablePlugin0aB6StructV",
        "mangledName": "$s16MWAirtablePlugin0aB6StructV",
        "moduleName": "MWAirtablePlugin",
        "declAttributes": [
          "AccessControl"
        ],
        "conformances": [
          {
            "kind": "Conformance",
            "name": "Plugin",
            "printedName": "Plugin",
            "usr": "s:18MobileWorkflowCore6PluginP",
            "mangledName": "$s18MobileWorkflowCore6PluginP"
          }
        ]
      },
      {
        "kind": "TypeDecl",
        "name": "AirtableError",
        "printedName": "AirtableError",
        "children": [
          {
            "kind": "Var",
            "name": "missingURL",
            "printedName": "missingURL",
            "children": [
              {
                "kind": "TypeFunc",
                "name": "Function",
                "printedName": "(MWAirtablePlugin.AirtableError.Type) -> MWAirtablePlugin.AirtableError",
                "children": [
                  {
                    "kind": "TypeNominal",
                    "name": "AirtableError",
                    "printedName": "MWAirtablePlugin.AirtableError",
                    "usr": "s:16MWAirtablePlugin13AirtableErrorO"
                  },
                  {
                    "kind": "TypeNominal",
                    "name": "Metatype",
                    "printedName": "MWAirtablePlugin.AirtableError.Type",
                    "children": [
                      {
                        "kind": "TypeNominal",
                        "name": "AirtableError",
                        "printedName": "MWAirtablePlugin.AirtableError",
                        "usr": "s:16MWAirtablePlugin13AirtableErrorO"
                      }
                    ]
                  }
                ]
              }
            ],
            "declKind": "EnumElement",
            "usr": "s:16MWAirtablePlugin13AirtableErrorO10missingURLyA2CmF",
            "mangledName": "$s16MWAirtablePlugin13AirtableErrorO10missingURLyA2CmF",
            "moduleName": "MWAirtablePlugin"
          },
          {
            "kind": "Var",
            "name": "unableToResolveURL",
            "printedName": "unableToResolveURL",
            "children": [
              {
                "kind": "TypeFunc",
                "name": "Function",
                "printedName": "(MWAirtablePlugin.AirtableError.Type) -> MWAirtablePlugin.AirtableError",
                "children": [
                  {
                    "kind": "TypeNominal",
                    "name": "AirtableError",
                    "printedName": "MWAirtablePlugin.AirtableError",
                    "usr": "s:16MWAirtablePlugin13AirtableErrorO"
                  },
                  {
                    "kind": "TypeNominal",
                    "name": "Metatype",
                    "printedName": "MWAirtablePlugin.AirtableError.Type",
                    "children": [
                      {
                        "kind": "TypeNominal",
                        "name": "AirtableError",
                        "printedName": "MWAirtablePlugin.AirtableError",
                        "usr": "s:16MWAirtablePlugin13AirtableErrorO"
                      }
                    ]
                  }
                ]
              }
            ],
            "declKind": "EnumElement",
            "usr": "s:16MWAirtablePlugin13AirtableErrorO18unableToResolveURLyA2CmF",
            "mangledName": "$s16MWAirtablePlugin13AirtableErrorO18unableToResolveURLyA2CmF",
            "moduleName": "MWAirtablePlugin"
          },
          {
            "kind": "Var",
            "name": "errorResponse",
            "printedName": "errorResponse",
            "children": [
              {
                "kind": "TypeFunc",
                "name": "Function",
                "printedName": "(MWAirtablePlugin.AirtableError.Type) -> (Swift.String) -> MWAirtablePlugin.AirtableError",
                "children": [
                  {
                    "kind": "TypeFunc",
                    "name": "Function",
                    "printedName": "(Swift.String) -> MWAirtablePlugin.AirtableError",
                    "children": [
                      {
                        "kind": "TypeNominal",
                        "name": "AirtableError",
                        "printedName": "MWAirtablePlugin.AirtableError",
                        "usr": "s:16MWAirtablePlugin13AirtableErrorO"
                      },
                      {
                        "kind": "TypeNominal",
                        "name": "Tuple",
                        "printedName": "(message: Swift.String)",
                        "children": [
                          {
                            "kind": "TypeNominal",
                            "name": "String",
                            "printedName": "Swift.String",
                            "usr": "s:SS"
                          }
                        ]
                      }
                    ]
                  },
                  {
                    "kind": "TypeNominal",
                    "name": "Metatype",
                    "printedName": "MWAirtablePlugin.AirtableError.Type",
                    "children": [
                      {
                        "kind": "TypeNominal",
                        "name": "AirtableError",
                        "printedName": "MWAirtablePlugin.AirtableError",
                        "usr": "s:16MWAirtablePlugin13AirtableErrorO"
                      }
                    ]
                  }
                ]
              }
            ],
            "declKind": "EnumElement",
            "usr": "s:16MWAirtablePlugin13AirtableErrorO13errorResponseyACSS_tcACmF",
            "mangledName": "$s16MWAirtablePlugin13AirtableErrorO13errorResponseyACSS_tcACmF",
            "moduleName": "MWAirtablePlugin"
          },
          {
            "kind": "Var",
            "name": "errorDescription",
            "printedName": "errorDescription",
            "children": [
              {
                "kind": "TypeNominal",
                "name": "Optional",
                "printedName": "Swift.String?",
                "children": [
                  {
                    "kind": "TypeNominal",
                    "name": "String",
                    "printedName": "Swift.String",
                    "usr": "s:SS"
                  }
                ],
                "usr": "s:Sq"
              }
            ],
            "declKind": "Var",
            "usr": "s:16MWAirtablePlugin13AirtableErrorO16errorDescriptionSSSgvp",
            "mangledName": "$s16MWAirtablePlugin13AirtableErrorO16errorDescriptionSSSgvp",
            "moduleName": "MWAirtablePlugin",
            "declAttributes": [
              "AccessControl"
            ],
            "accessors": [
              {
                "kind": "Accessor",
                "name": "Get",
                "printedName": "Get()",
                "children": [
                  {
                    "kind": "TypeNominal",
                    "name": "Optional",
                    "printedName": "Swift.String?",
                    "children": [
                      {
                        "kind": "TypeNominal",
                        "name": "String",
                        "printedName": "Swift.String",
                        "usr": "s:SS"
                      }
                    ],
                    "usr": "s:Sq"
                  }
                ],
                "declKind": "Accessor",
                "usr": "s:16MWAirtablePlugin13AirtableErrorO16errorDescriptionSSSgvg",
                "mangledName": "$s16MWAirtablePlugin13AirtableErrorO16errorDescriptionSSSgvg",
                "moduleName": "MWAirtablePlugin",
                "accessorKind": "get"
              }
            ]
          },
          {
            "kind": "Var",
            "name": "description",
            "printedName": "description",
            "children": [
              {
                "kind": "TypeNominal",
                "name": "String",
                "printedName": "Swift.String",
                "usr": "s:SS"
              }
            ],
            "declKind": "Var",
            "usr": "s:16MWAirtablePlugin13AirtableErrorO11descriptionSSvp",
            "mangledName": "$s16MWAirtablePlugin13AirtableErrorO11descriptionSSvp",
            "moduleName": "MWAirtablePlugin",
            "declAttributes": [
              "AccessControl"
            ],
            "accessors": [
              {
                "kind": "Accessor",
                "name": "Get",
                "printedName": "Get()",
                "children": [
                  {
                    "kind": "TypeNominal",
                    "name": "String",
                    "printedName": "Swift.String",
                    "usr": "s:SS"
                  }
                ],
                "declKind": "Accessor",
                "usr": "s:16MWAirtablePlugin13AirtableErrorO11descriptionSSvg",
                "mangledName": "$s16MWAirtablePlugin13AirtableErrorO11descriptionSSvg",
                "moduleName": "MWAirtablePlugin",
                "accessorKind": "get"
              }
            ]
          }
        ],
        "declKind": "Enum",
        "usr": "s:16MWAirtablePlugin13AirtableErrorO",
        "mangledName": "$s16MWAirtablePlugin13AirtableErrorO",
        "moduleName": "MWAirtablePlugin",
        "declAttributes": [
          "AccessControl"
        ],
        "conformances": [
          {
            "kind": "Conformance",
            "name": "LocalizedError",
            "printedName": "LocalizedError",
            "usr": "s:10Foundation14LocalizedErrorP",
            "mangledName": "$s10Foundation14LocalizedErrorP"
          },
          {
            "kind": "Conformance",
            "name": "Error",
            "printedName": "Error",
            "usr": "s:s5ErrorP",
            "mangledName": "$ss5ErrorP"
          },
          {
            "kind": "Conformance",
            "name": "Sendable",
            "printedName": "Sendable",
            "usr": "s:s8SendableP",
            "mangledName": "$ss8SendableP"
          }
        ]
      },
      {
        "kind": "Import",
        "name": "Foundation",
        "printedName": "Foundation",
        "declKind": "Import",
        "moduleName": "MWAirtablePlugin",
        "declAttributes": [
          "RawDocComment"
        ]
      },
      {
        "kind": "Import",
        "name": "MobileWorkflowCore",
        "printedName": "MobileWorkflowCore",
        "declKind": "Import",
        "moduleName": "MWAirtablePlugin"
      },
      {
        "kind": "Import",
        "name": "MWContentDisplayPlugin",
        "printedName": "MWContentDisplayPlugin",
        "declKind": "Import",
        "moduleName": "MWAirtablePlugin"
      },
      {
        "kind": "TypeDecl",
        "name": "AirtableAsyncTaskService",
        "printedName": "AirtableAsyncTaskService",
        "children": [
          {
            "kind": "Constructor",
            "name": "init",
            "printedName": "init(apiKey:baseId:)",
            "children": [
              {
                "kind": "TypeNominal",
                "name": "AirtableAsyncTaskService",
                "printedName": "MWAirtablePlugin.AirtableAsyncTaskService",
                "usr": "s:16MWAirtablePlugin24AirtableAsyncTaskServiceC"
              },
              {
                "kind": "TypeNominal",
                "name": "String",
                "printedName": "Swift.String",
                "usr": "s:SS"
              },
              {
                "kind": "TypeNominal",
                "name": "String",
                "printedName": "Swift.String",
                "usr": "s:SS"
              }
            ],
            "declKind": "Constructor",
            "usr": "s:16MWAirtablePlugin24AirtableAsyncTaskServiceC6apiKey6baseIdACSS_SStcfc",
            "mangledName": "$s16MWAirtablePlugin24AirtableAsyncTaskServiceC6apiKey6baseIdACSS_SStcfc",
            "moduleName": "MWAirtablePlugin",
            "declAttributes": [
              "AccessControl",
              "RawDocComment"
            ],
            "init_kind": "Designated"
          },
          {
            "kind": "Function",
            "name": "canPerform",
            "printedName": "canPerform(task:)",
            "children": [
              {
                "kind": "TypeNominal",
                "name": "Bool",
                "printedName": "Swift.Bool",
                "usr": "s:Sb"
              },
              {
                "kind": "TypeNominal",
                "name": "GenericTypeParam",
                "printedName": "τ_0_0"
              }
            ],
            "declKind": "Func",
            "usr": "s:16MWAirtablePlugin24AirtableAsyncTaskServiceC10canPerform4taskSbx_t18MobileWorkflowCore0dE0RzlF",
            "mangledName": "$s16MWAirtablePlugin24AirtableAsyncTaskServiceC10canPerform4taskSbx_t18MobileWorkflowCore0dE0RzlF",
            "moduleName": "MWAirtablePlugin",
            "genericSig": "<τ_0_0 where τ_0_0 : MobileWorkflowCore.AsyncTask>",
            "sugared_genericSig": "<T where T : MobileWorkflowCore.AsyncTask>",
            "declAttributes": [
              "AccessControl",
              "RawDocComment"
            ],
            "funcSelfKind": "NonMutating"
          },
          {
            "kind": "Function",
            "name": "perform",
            "printedName": "perform(task:session:)",
            "children": [
              {
                "kind": "TypeNominal",
                "name": "DependentMember",
                "printedName": "τ_0_0.Response"
              },
              {
                "kind": "TypeNominal",
                "name": "GenericTypeParam",
                "printedName": "τ_0_0"
              },
              {
                "kind": "TypeNominal",
                "name": "ContentProvider",
                "printedName": "MobileWorkflowCore.ContentProvider",
                "usr": "s:18MobileWorkflowCore15ContentProviderP"
              }
            ],
            "declKind": "Func",
            "usr": "s:16MWAirtablePlugin24AirtableAsyncTaskServiceC7perform4task7session8ResponseQzx_18MobileWorkflowCore15ContentProvider_ptYaKAI0dE0RzlF",
            "mangledName": "$s16MWAirtablePlugin24AirtableAsyncTaskServiceC7perform4task7session8ResponseQzx_18MobileWorkflowCore15ContentProvider_ptYaKAI0dE0RzlF",
            "moduleName": "MWAirtablePlugin",
            "genericSig": "<τ_0_0 where τ_0_0 : MobileWorkflowCore.AsyncTask>",
            "sugared_genericSig": "<T where T : MobileWorkflowCore.AsyncTask>",
            "declAttributes": [
              "AccessControl"
            ],
            "throwing": true,
            "funcSelfKind": "NonMutating"
          },
          {
            "kind": "Constructor",
            "name": "init",
            "printedName": "init(from:)",
            "children": [
              {
                "kind": "TypeNominal",
                "name": "AirtableAsyncTaskService",
                "printedName": "MWAirtablePlugin.AirtableAsyncTaskService",
                "usr": "s:16MWAirtablePlugin24AirtableAsyncTaskServiceC"
              },
              {
                "kind": "TypeNominal",
                "name": "Decoder",
                "printedName": "Swift.Decoder",
                "usr": "s:s7DecoderP"
              }
            ],
            "declKind": "Constructor",
            "usr": "s:16MWAirtablePlugin24AirtableAsyncTaskServiceC4fromACs7Decoder_p_tKcfc",
            "mangledName": "$s16MWAirtablePlugin24AirtableAsyncTaskServiceC4fromACs7Decoder_p_tKcfc",
            "moduleName": "MWAirtablePlugin",
            "implicit": true,
            "declAttributes": [
              "Required"
            ],
            "throwing": true,
            "init_kind": "Designated"
          }
        ],
        "declKind": "Class",
        "usr": "s:16MWAirtablePlugin24AirtableAsyncTaskServiceC",
        "mangledName": "$s16MWAirtablePlugin24AirtableAsyncTaskServiceC",
        "moduleName": "MWAirtablePlugin",
        "declAttributes": [
          "AccessControl"
        ],
        "conformances": [
          {
            "kind": "Conformance",
            "name": "AsyncTaskService",
            "printedName": "AsyncTaskService",
            "usr": "s:18MobileWorkflowCore16AsyncTaskServiceP",
            "mangledName": "$s18MobileWorkflowCore16AsyncTaskServiceP"
          },
          {
            "kind": "Conformance",
            "name": "Decodable",
            "printedName": "Decodable",
            "usr": "s:Se",
            "mangledName": "$sSe"
          },
          {
            "kind": "Conformance",
            "name": "Reinitializable",
            "printedName": "Reinitializable",
            "usr": "s:18MobileWorkflowCore15ReinitializableP",
            "mangledName": "$s18MobileWorkflowCore15ReinitializableP"
          },
          {
            "kind": "Conformance",
            "name": "TaskExecutor",
            "printedName": "TaskExecutor",
            "usr": "s:18MobileWorkflowCore12TaskExecutorP",
            "mangledName": "$s18MobileWorkflowCore12TaskExecutorP"
          }
        ]
      }
    ],
    "json_format_version": 8
  },
  "ConstValues": [
    {
      "filePath": "\/Users\/vagrant\/git\/project\/MWAirtablePlugin\/MWAirtablePlugin\/MWAirtablePluginStruct.swift",
      "kind": "StringLiteral",
      "offset": 792,
      "length": 21,
      "value": "\"Path URL is missing\""
    },
    {
      "filePath": "\/Users\/vagrant\/git\/project\/MWAirtablePlugin\/MWAirtablePlugin\/MWAirtablePluginStruct.swift",
      "kind": "StringLiteral",
      "offset": 859,
      "length": 35,
      "value": "\"Failed to construct the final URL\""
    }
  ]
}